,Source_Statement_Match_Rate,Source_Statement_Match_Rate,Source_Type_Match_Rate,Source_Type_Match_Rate,Source_Name_Match_Rate,Source_Name_Match_Rate,Source_Type_Name_Match_Rate,Source_Type_Name_Match_Rate,Source_Type_Correct_Name_Match_Rate,Source_Type_Correct_Name_Match_Rate,Source_Title_Match_Rate,Source_Title_Match_Rate,Source_Justification_Match_Rate,Source_Justification_Match_Rate,Source_Title_Justification_Join_Match_Rate,Source_Title_Justification_Join_Match_Rate,All_Attribute_Accuracy,All_Attribute_Accuracy
,mean,std,mean,std,mean,std,mean,std,mean,std,mean,std,mean,std,mean,std,mean,std
model_name,,,,,,,,,,,,,,,,,,
chatgpt-4o-latest,0.605820350795678,0.2074962612086853,0.7674126911403819,0.23706854462591426,0.718882740976622,0.19822255013806891,0.6515157185941196,0.2584031813414921,0.8438958263958264,0.19471879194985026,0.38674532371855264,0.29244986174006776,0.3548216549026966,0.28751337163423074,0.5734651287824662,0.2563592635205467,0.3236148748632952,0.23810937679689467
claude-3.5-sonnet,0.5482780396635708,0.20600998808944967,0.8849355035229649,0.20242267322508534,0.8083193938844094,0.21327540047005003,0.7858191816783148,0.24377167351568643,0.8698389854040008,0.19997433872652237,0.41966678402436913,0.29652749418648716,0.3587310595321431,0.24636884264243303,0.615923760192336,0.25923722484036427,0.32731257407867154,0.2309602964183665
gemini-pro-1.5,0.7660035177231187,0.17851942366252146,0.8240210458651188,0.1950833713321777,0.8011475142915934,0.18783731483303961,0.7586706896165372,0.25602825035685167,0.9052613064329206,0.21038431776401484,0.456841809063203,0.2845568094502105,0.24842512167712497,0.2172200554574462,0.586829658289685,0.253138354924301,0.42066798658789406,0.22576959077772743
llama-3.1-405b-instruct,0.5293669247728222,0.17071200942646847,0.8473514158851528,0.22471758181635834,0.8127037581795368,0.1988741249488987,0.7514935468222665,0.26852391792001856,0.8741331054566349,0.19726448273845612,0.47428001832846123,0.3050096844797343,0.26223315371671774,0.2252810162797989,0.6162526036055448,0.23976681772080885,0.29748123809572585,0.19434029138375622
llama-3.1-70b-instruct,0.5864834110868318,0.1713071914846921,0.7434840603726053,0.2042185194521868,0.7167982924368372,0.1788845365647055,0.6440164533895184,0.23536422548702657,0.8496445629533864,0.19064588460934395,0.440610783122393,0.285589794491882,0.20962864205511264,0.17438091241341802,0.4698685270124899,0.22987628186455059,0.2548498868862661,0.1915824287071191
