,article_w_version,Statement_Match_Rate,Type_Match_Rate,Combined_Statement_Type_Match_Rate,Name_Match_Rate,Type_Name_Match_Rate,Type_Correct_Name_Match_Rate,Title_Match_Rate,Justification_Match_Rate,Title_Justification_Join_Match_Rate,All_Attribute_Accuracy,LLM_Miss_Rate,LLM_Unique_Discover_Rate,Both_Found_Count,Match_Counts,LLM_Unique_Discover_Counts,Total_Unique_Sentences
0,2-Best-DDR-player_avg,0.8095238095238095,0.8043313884258156,0.6476190476190476,0.8248577042152891,0.8043313884258156,1.0,0.8248577042152891,0.39112824482019526,0.39112824482019526,0.2857142857142857,0.19047619047619047,0.15585284280936457,17.0,13.6,4.0,25.0
1,2-Best-DDR-player_vv1,0.7619047619047619,0.8125,0.6190476190476191,0.8125,0.8125,1.0,0.8125,0.3125,0.3125,0.23809523809523808,0.23809523809523808,0.08695652173913043,16.0,13.0,2.0,23.0
2,2-Best-DDR-player_vv2,0.8095238095238095,0.8235294117647058,0.6666666666666666,0.8235294117647058,0.8235294117647058,1.0,0.8235294117647058,0.4117647058823529,0.4117647058823529,0.3333333333333333,0.19047619047619047,0.125,17.0,14.0,3.0,24.0
3,2-Best-DDR-player_vv3,0.9047619047619048,0.7894736842105263,0.7142857142857143,0.8421052631578947,0.7894736842105263,1.0,0.8421052631578947,0.47368421052631576,0.47368421052631576,0.3333333333333333,0.09523809523809523,0.25,19.0,15.0,7.0,28.0
4,2-Best-DDR-player_vv4,0.6190476190476191,0.8461538461538461,0.5238095238095238,0.8461538461538461,0.8461538461538461,1.0,0.8461538461538461,0.3076923076923077,0.3076923076923077,0.19047619047619047,0.38095238095238093,0.125,13.0,11.0,3.0,24.0
5,2-Best-DDR-player_vv5,0.9523809523809523,0.75,0.7142857142857143,0.8,0.75,1.0,0.8,0.45,0.45,0.3333333333333333,0.047619047619047616,0.19230769230769232,20.0,15.0,5.0,26.0
