,Statement_Match_Rate,Statement_Match_Rate,Type_Match_Rate,Type_Match_Rate,Combined_Statement_Type_Match_Rate,Combined_Statement_Type_Match_Rate,Name_Match_Rate,Name_Match_Rate,Type_Name_Match_Rate,Type_Name_Match_Rate,Title_Match_Rate,Title_Match_Rate,Justification_Match_Rate,Justification_Match_Rate,Title_Justification_Join_Match_Rate,Title_Justification_Join_Match_Rate,All_Attribute_Accuracy,All_Attribute_Accuracy
,mean,std,mean,std,mean,std,mean,std,mean,std,mean,std,mean,std,mean,std,mean,std
model_name,,,,,,,,,,,,,,,,,,
deepseek-r1,0.6480745264632732,0.18590528018030675,0.8042386326946289,0.1808044338117286,0.5325323478024885,0.21071304707364497,0.7769274639265307,0.16298252076638106,0.7000756536837168,0.22436043948018725,0.7732603304064558,0.16806665664633458,0.3067482393918835,0.20190945136757982,0.4586108750261455,0.2247643777036886,0.3652605221839463,0.24681492078889233
gemini-2.5-flash,0.9041135324239544,0.09107814551642307,0.7932535934880071,0.2232814752928701,0.7113921647624821,0.20476576456006737,0.7043657987599586,0.2537938195393558,0.6430424554361476,0.3027805581114716,0.6918880803998873,0.2475254318631871,0.2988580989593443,0.22829928513208922,0.4484790649430639,0.2922323562009589,0.3069170115938395,0.24942647363566608
