Story,No,Sourced Statements,Type of Source,Name of Source,Title of Source,Source Justification
1-Harris-Poll,9.0,"""It's obvious that running against Harris is more challenging for Trump given the shift in these numbers, but it's certainly not insurmountable,"" Matt Wolking, a Republican campaign strategist who worked on Trump's 2020 campaign, said in response to the Reuters/Ipsos poll results.",Named Person,Matt Wolking,Republican campaign strategist ,worked on Trump's 2020 campaign
1-Harris-Poll,10.0,"He said Trump needs to stay as focused as possible in his campaign ""so he's not scaring"" away voters who were leaning his way because they didn't like Biden.",Named Person,Matt Wolking,Republican campaign strategist ,worked on Trump's 2020 campaign
1-Harris-Poll,12.0,"""We see it in this poll that people are more motivated about the future than the past,"" said Aimee Allison, founder of She the People, a liberal group that aims to grow the numbers of women of color in elected office. ""They see Kamala Harris as the future, and Republicans see this election as just about Trump. Voters are more likely to be engaged when given the option of 'more than' beating Trump.""",Named Person, Aimee Allison,founder of She the People,A liberal group that aims to grow the numbers of women of color in elected office
10-Nebraska-voting-rights,1.0,"The passage of the bill “means everything for the thousands of people who have not been full participants in society,” said TJ King, a Nebraska-based outreach specialist with the advocacy group Black and Pink who was unable to vote in the 2022 general election after coming off probation for drug and theft convictions three months earlier.
",Named Person,TJ King,"Outreach specialist, Black and Pink ", who was unable to vote in the 2022 general election after coming off probation for drug and theft convictions three months earlier
10-Nebraska-voting-rights,2.0,"King said the bill’s passage is the final layer in his ability to be civically engaged and “have a full voice and complete connection to the community.”

",Named Person,TJ King,"Outreach specialist, Black and Pink ", who was unable to vote in the 2022 general election after coming off probation for drug and theft convictions three months earlier
10-Nebraska-voting-rights,4.0,"“Studies have shown that if you allow people to engage in their community upon being released, the recidivism rate drops,” Wayne said during a public hearing for the bill last year. “We spend on average $42,000 a year on prisoners, of which we have around a 30 percent recidivism rate.
",Named Person,Justin Wayne,Omaha state Sen. ,"He prevailed by appealing to the practical sensibilities of law-and-order lawmakers.
"
10-Nebraska-voting-rights,5.0,"“One year, I brought in a little chart that says if we just cut it by 10 percent, we’re saving around $5 million a year.”",Named Person,Justin Wayne,Omaha state Sen. ,"He prevailed by appealing to the practical sensibilities of law-and-order lawmakers.
"
10-Nebraska-voting-rights,8.0,"As a result, voting rights have been restored to over 2 million people, said Nicole Porter, senior director of advocacy at The Sentencing Project.
",Named Person,Nicole Porter,"Senior director of advocacy, The Sentencing Project",
11-Nebraska-felons-crim-justice,1.0,"Voting, King said in an interview, gives “a little bit of your strength back and a little bit of your voice back. Being able to vote, being able to have a say in what happens in your society, in your state, is extremely important.”",Named Person,TJ King,"Outreach specialist,  Nebraska AIDS Project",King’s first chance to vote will be in the 2024 presidential election season -- unless a legislative proposal introduced in January that would remove the two-year requirement passes and becomes law.
11-Nebraska-felons-crim-justice,4.0,"“Restoring voting rights really is an issue where we’ve seen bipartisan momentum,” said Patrick Berry, counsel for the Democracy program at the Brennan Center.
",Named Person,Patrick Berry,"Counsel, Democracy program at the Brennan Center",
11-Nebraska-felons-crim-justice,6.0,"In Nebraska, nearly 18,000 people are unable to vote because of felony convictions, said the Sentencing Project’s director of advocacy, Nicole Porter. That includes 7,072 who fall under the two-year wait requirement and are currently unable to cast a ballot. The rest have not completed their full sentences.",Named Person,Nicole Porter,"Director of advocacy, Sentencing Project",
11-Nebraska-felons-crim-justice,7.0,"Steve Smith of Civic Nebraska, part of a large coalition of groups supporting the measure, said the wait creates a group of taxpayers who can’t choose their representatives.
",Named Person,Steve Smith,Civic Nebraska,part of a large coalition of groups supporting the measure
11-Nebraska-felons-crim-justice,8.0,"“You’re civically dead and you can’t vote for the people who are levying those taxes,” he said.
",Named Person,Steve Smith,Civic Nebraska,part of a large coalition of groups supporting the measure
11-Nebraska-felons-crim-justice,9.0,"At the time Nebraska was in step with other states. Now, while a few states require wait times for specific offenses or define completion of a sentence as including things such as fines and restitution, Nebraska is alone in requiring a general waiting period beyond imprisonment and release from parole or probation, said Margaret Love, co-founder and director of the Collateral Consequences Resource Center, which keeps a 50-state database on restoration of rights.",Named Person,Margaret Love,"Co-founder and director, Collateral Consequences Resource Center",which keeps a 50-state database on restoration of rights.
11-Nebraska-felons-crim-justice,10.0,"The bill’s author, Democratic state Sen. Justin Wayne, said he was going door to door in his first election in 2016 and was told by would-be constituents that they could not vote. Much of the reason was confusion over the law’s waiting period, he said.",Named Person,Justin Wayne,Democratic state Sen.,The bill’s author
11-Nebraska-felons-crim-justice,11.0,"Wayne, who represents parts of Omaha with strong minority populations, said reconnecting people to the voting process is integral to successful reentry.",Named Person,Justin Wayne,Democratic state Sen.,The bill’s author
11-Nebraska-felons-crim-justice,12.0,"“When people get out of our system, they’ve got to feel engaged in their community, and the number one way for a person to feel engaged in their community is to be able to vote for the leadership of that community,” he said.",Named Person,Justin Wayne,Democratic state Sen.,The bill’s author
11-Nebraska-felons-crim-justice,13.0,"Wilcot stressed she was speaking as an individual and not on behalf of the university.
",Named Person,Kathy Wilcot,"Member, University of Nebraska Board of Regents",was the lone dissenter from among the nearly 20 witnesses who spoke on Wayne’s bill.
11-Nebraska-felons-crim-justice,14.0,"“I do think that hopefully the waiting period reinforces the fact that voting is something very special, and hopefully that will be part of the things that an individual would consider if they’re tempted to break the law again,” she said.",Named Person,Kathy Wilcot,Member of the University of Nebraska Board of Regents,was the lone dissenter from among the nearly 20 witnesses who spoke on Wayne’s bill.
11-Nebraska-felons-crim-justice,16.0,"King works in the HIV/AIDS field and volunteers at various organizations, but said voting is still the most direct way to be involved and became tearful when talking about being unable to vote.
",Named Person,TJ King,"Outreach specialist, Nebraska AIDS Project","King, 51, fought addiction for years and spent five years in prison after being convicted;  volunteers at various organizations;"
11-Nebraska-felons-crim-justice,17.0,"“I felt so hopeless and helpless not being able to have my voice heard in this last election,” King said. “There are a lot of things that were on the ballot here in Nebraska that hit home with a lot of things that I advocate for.”",Named Person,TJ King,"Outreach specialist, Nebraska AIDS Project","King, 51, fought addiction for years and spent five years in prison after being convicted;  volunteers at various organizations;"
11-Nebraska-felons-crim-justice,18.0,"For the people she works with, being able to register to vote provides a sense of acceptance, especially when there are so many barriers on where they can live, jobs they can work and who they can associate with, she said.",Named Person,Demetrius Gatson,"executive director, Q.U.E.E.N.S Butterfly House","Demetrius Gatson is among the more than 10,000 people in Nebraska who has no right to vote because they haven’t completed their sentences. Because of her probation, she will have to wait until 2030 to vote.

Since her 2018 release, she has obtained graduate degrees and served in a variety of volunteer roles. Now 48, Gatson has set up her own nonprofit and is executive director of Q.U.E.E.N.S Butterfly House, a safe house for women trying to reenter society."
11-Nebraska-felons-crim-justice,19.0,"Gatson said there are critical issues she cares about, including education and criminal justice, but said, “I don’t have a say in anything that goes on in my country because I’m a felon.”",Named Person,Demetrius Gatson,"executive director, Q.U.E.E.N.S Butterfly House","Demetrius Gatson is among the more than 10,000 people in Nebraska who has no right to vote because they haven’t completed their sentences. Because of her probation, she will have to wait until 2030 to vote.

Since her 2018 release, she has obtained graduate degrees and served in a variety of volunteer roles. Now 48, Gatson has set up her own nonprofit and is executive director of Q.U.E.E.N.S Butterfly House, a safe house for women trying to reenter society."
11-Nebraska-felons-crim-justice,20.0,"“You can’t harm society by voting,” he said. “You can only help it.”",Named Person,Steven Scott,,"Steven Scott, 33, was paroled in 2015 after serving more than four years on assault and other charges.  He also has regained voting rights and cast ballots for Republican candidates in his first elections, including 2020. He sees the two-year wait period as one link in a long chain of barriers for those trying to reenter society."
13-pilot-curb-evictions,1.0,"About nine months ago, the two men agreed he could withhold rent until repairs were made, he said.",Named Person,Bryant Woods,,"One day last fall, Bryant Woods’ rotted-out flooring opened up beneath his 11-year-old daughter. Major leaks in the rental home had allowed mold to thrive and rot to set in. In the winters, he was forced to use space heaters or his electric oven to stay warm since the heat didn’t work; For years, Woods’ relationship with his longtime landlord has been deteriorating."
13-pilot-curb-evictions,3.0,"The cash didn’t make it to MALS until February 2024, due to problems with how the County Commission resolution was originally drafted, Henderson said. ",Named Person,Deborah Henderson,Judge,"To reduce such evictions, one of the court’s judges, Deborah Henderson; Shelby County Commissioner Erika Sugarmon; and Cindy Ettingoff, then-CEO of Memphis Area Legal Services, last summer secured $240,000 in the county budget to pilot a pre-litigation mediation program for landlord-tenant disputes.
"
13-pilot-curb-evictions,4.0,But Henderson has been happy with the results since then.,Named Person,Deborah Henderson,Judge,"To reduce such evictions, one of the court’s judges, Deborah Henderson; Shelby County Commissioner Erika Sugarmon; and Cindy Ettingoff, then-CEO of Memphis Area Legal Services, last summer secured $240,000 in the county budget to pilot a pre-litigation mediation program for landlord-tenant disputes.
"
13-pilot-curb-evictions,5.0,"Recently, MALS worked with a woman who was living in a house that “should not be lived in by anyone” and was starting to fall behind on rent, Henderson said. ",Named Person,Deborah Henderson,Judge,"To reduce such evictions, one of the court’s judges, Deborah Henderson; Shelby County Commissioner Erika Sugarmon; and Cindy Ettingoff, then-CEO of Memphis Area Legal Services, last summer secured $240,000 in the county budget to pilot a pre-litigation mediation program for landlord-tenant disputes.
"
13-pilot-curb-evictions,6.0,Though the program has only helped a couple of tenants so far — not 300 — Henderson believes it’s already proving its value. ,Named Person,Deborah Henderson,Judge,"To reduce such evictions, one of the court’s judges, Deborah Henderson; Shelby County Commissioner Erika Sugarmon; and Cindy Ettingoff, then-CEO of Memphis Area Legal Services, last summer secured $240,000 in the county budget to pilot a pre-litigation mediation program for landlord-tenant disputes.
"
13-pilot-curb-evictions,7.0,"There are no income limits or income requirements, If you’re a tenant who is having trouble with your landlord, you need to give us a call. … If you’re a landlord and you have a troublesome tenant … give us a call.",Named Person,Deborah Henderson,Judge,"To drum up more business, Henderson and MALS attorney Cedric Harris, who is leading the program, have been spending a few nights and weekends this summer speaking to churches, on radio shows and at other events. 
"
13-pilot-curb-evictions,8.0,"Nicole Grida, the new MALS CEO, said her team has started creating marketing materials for the program, building partnerships with local nonprofits and screening folks who call in for other services to see if they will fit the program’s criteria, which has resulted in many promising leads.
",Named Person,Nicole Grida,"CEO, MALS",
13-pilot-curb-evictions,9.0,"For the program to succeed, Grida said raising greater awareness will be key, as most Memphians it could help don’t yet know it exists. 
",Named Person,Nicole Grida,"CEO, MALS",
13-pilot-curb-evictions,10.0,"Woods’ case, for instance, sounded like a perfect fit for mediation, Henderson said, if only they’d found him before the eviction was filed. ",Named Person,Deborah Henderson,Judge,"To reduce such evictions, one of the court’s judges, Deborah Henderson; Shelby County Commissioner Erika Sugarmon; and Cindy Ettingoff, then-CEO of Memphis Area Legal Services, last summer secured $240,000 in the county budget to pilot a pre-litigation mediation program for landlord-tenant disputes.
"
13-pilot-curb-evictions,11.0,"“We could have drafted a document that ensured the landlord (followed the verbal agreement),” she said. 
",Named Person,Deborah Henderson,Judge,"To reduce such evictions, one of the court’s judges, Deborah Henderson; Shelby County Commissioner Erika Sugarmon; and Cindy Ettingoff, then-CEO of Memphis Area Legal Services, last summer secured $240,000 in the county budget to pilot a pre-litigation mediation program for landlord-tenant disputes.
"
13-pilot-curb-evictions,12.0,"Thankfully, he found something just in time — a three-bedroom townhouse in Whitehaven with an “undesirable” exterior but is “fairly nice” inside. ",Named Person,Bryant Woods,,
13-pilot-curb-evictions,13.0,"Meanwhile, Grida said MALS is looking for other funders interested in backing the effort.
",Named Person,Nicole Grida,"CEO, MALS","Its leaders are scheduled to present to the County Commission at the end of 2024, in hopes they can receive additional county funding after this first $240,000 runs out in February 2025."
13-pilot-curb-evictions,14.0,"Henderson believes the program will require a much longer pilot period before it’s able to produce the proof necessary to create a housing court. But, despite the rough start, she remains “very hopeful” for its future.
",Named Person,Deborah Henderson,Judge,"To reduce such evictions, one of the court’s judges, Deborah Henderson; Shelby County Commissioner Erika Sugarmon; and Cindy Ettingoff, then-CEO of Memphis Area Legal Services, last summer secured $240,000 in the county budget to pilot a pre-litigation mediation program for landlord-tenant disputes.
"
14-many-police-calls,1.0,"“Jaws dropped,” Jim Baker, a consultant for a state public safety enhancement initiative, recounted at a recent public meeting. “The providers recognized those folks and came to the realization that if they’re falling through the cracks in their system, who ends up dealing with them?”
",Named Person,Jim Baker,"Consultant, state public safety enhancement initiative",recounted at a recent public meeting.
14-many-police-calls,2.0,"“The 20 people that are consuming a lot of resources clearly need some, but they’re not getting the right ones,” Brattleboro Assistant Police Chief Jeremy Evans recently told the town selectboard. “We’re trying to get everything we have out to the service providers so that they can use that data to inform their decision-making.”
",Named Person,Jeremy Evans,Brattleboro Assistant Police Chief,recently told the town selectboard.
14-many-police-calls,3.0,"“Compared to communities your size, you are consistently higher,” Baker, former commander of the Vermont State Police and one-time Rutland City police chief, recently told local leaders of their figures.
",Named Person,Jim Baker,"Consultant, state public safety enhancement initiative",former commander of the Vermont State Police and one-time Rutland City police chief
14-many-police-calls,5.0,"“The disorder we are witnessing, especially in our downtown area, has many causes and impacts,” Evans wrote the selectboard in a recent memorandum. “Not all of these are criminal in nature.”",Named Person,Jeremy Evans,Brattleboro Assistant Police Chief,wrote the selectboard in a recent memorandum.
14-many-police-calls,6.0,"In the case of people receiving no-trespass notices, offenders are barred from locations if their actions “significantly disrupt the ability to provide services,” the assistant police chief said in an interview. 
",Named Person,Jeremy Evans,Brattleboro Assistant Police Chief,
14-many-police-calls,7.0,"“You have a lot of people looking for help,” Evans said, “but there’s a small percentage that, for whatever reason, are unable or unwilling to accept it.”
",Named Person,Jeremy Evans,Brattleboro Assistant Police Chief,
14-many-police-calls,10.0,"“Unfortunately, many of those are providers,” Evans said, “which creates a huge, huge problem.”
",Named Person,Jeremy Evans,Brattleboro Assistant Police Chief,
14-many-police-calls,11.0,"“This is something that we see in a lot of different jurisdictions,” Robin Joy, the Crime Research Group’s statistical director, told local leaders at another meeting.
",Named Person,Robin Joy,"statistical director, Crime Research Group",
14-many-police-calls,12.0,"According to Joy, Brattleboro police calls vary from assaults at 1% to disorderly conduct at 65%.
",Named Person,Robin Joy,"statistical director, Crime Research Group",
14-many-police-calls,13.0,"“This is where the community service providers can really help,” she said of the latter percentage.
",Named Person,Robin Joy,Crime Research Group’s statistical director,
14-many-police-calls,14.0,"But that’s challenging when “the No. 1 thing” the top 20 people are arrested for is trespassing at those places, the researcher added.
",Named Person,Robin Joy,Crime Research Group’s statistical director,
14-many-police-calls,15.0,"“We need to consider our own boundaries around increasing safety and reducing risks,” Groundworks executive director Libby Bennett said upon this April’s first anniversary of the death. “We all understand we’re upholding these out of respect for each other.”
",Named Person,Libby Bennett,"Executive director, Groundworks ","Groundworks Collaborative, for example, helps local people without permanent housing (its outreach team reports contact with 159 such individuals so far this year). But the nonprofit had to strengthen its rules against threatening behavior after the 2023 killing of its shelter coordinator, allegedly by a client who is now in prison and awaiting trial on charges of first-degree murder.
"
14-many-police-calls,17.0,"“All of us area agencies, we are doing everything humanly possible that we can do,” said Christine Allen, executive director of Turning Point of Windham County. “We are so straight out, working our tails off — and we can’t do this without the police.”
",Named Person,Christine Allen,"executive director, Turning Point of Windham County",
14-many-police-calls,18.0,"“It was an epiphany,” Baker said. “When you have 20 people who account for some 5% of calls for service and they’re getting passed from one agency to another, there’s not a level of accountability that needs to happen.”
",Named Person,Jim Baker,"Consultant, state public safety enhancement initiative",
14-many-police-calls,19.0,"“We were looking at real information that made us have some quite difficult conversations,” Quipp said following the session. “Here’s the name of this person who has trespassed at this place, this place, this place, this place, this place and we know that they need these kinds of services. What can we do as a group of people who are working together to try to make a better, safer Brattleboro to actually meet that person’s needs?”
",Named Person,Daniel Quipp,"Chair of the selectboard
","Daniel Quipp attended the providers’ meeting as chair of the selectboard and a staff member of the antipoverty agency Southeastern Vermont Community Action.
"
14-many-police-calls,20.0,"Sharing information, Baker said, “is the first step in holding each other accountable for better outcomes.”
",Named Person,Jim Baker,"Consultant, state public safety enhancement initiative",
14-many-police-calls,21.0,"To that end, the Brattleboro Police Department is creating a Hotspot Evaluation and Analysis Team to extend “in-depth data related to trends, problem locations, safety concerns, and high-volume users of town services,” Evans said in his memo. “It is our hope that this data will provide organizations with more knowledge about where and when their services might be most effectively directed and promote discussion on how to best address concerns.”
",Named Person,Jeremy Evans,Brattleboro Assistant Police Chief,
14-many-police-calls,23.0,"“This points to a need,” Joy said, “to collaborate beyond your borders.”
",Named Person,Robin Joy,Crime Research Group’s statistical director,
15-Newsom-declares-emergency,1.0,"Gov. Gavin Newsom on Tuesday declared a state of emergency for the city of Rancho Palos Verdes ""to protect public safety amid ongoing land movement that has resulted in disrupted utility services and evacuation warnings for impacted residents.""",Named Person,Gavin Newsom,Governor,
15-Newsom-declares-emergency,2.0,"In February, Rancho Palos Verdes Mayor John Cruikshank said a state of emergency declaration from the governor would allow them to bypass state permit requirements for repair efforts.",Named Person,John Cruikshank,Mayor,
15-Newsom-declares-emergency,5.0,"“The land movement has created a dangerous situation, and Edison is deciding to disconnect to keep that community safe,” said Jim Hanggi, a spokesperson for the utility. “It is a fluid situation and we’re working on solutions to keep the power flowing but as conditions change we’ll need to adjust to keep the community safe.”
",Named Person,Jim Hanggi,"Spokesperson, Southern California Edison",
15-Newsom-declares-emergency,8.0,"Gordon Leon told LAist he plans to move into a tiny home on his property and bought four generators to power it. He said he’s had no gas for weeks now, but water is still running. The power in his house has been shut off indefinitely, so his plan is to move off the grid.",Named Person,Gordon Leon,,Others plan to stay.
15-Newsom-declares-emergency,9.0,"Leon said he and his neighbors are just trying to ""figure out how to survive.” Some, he said, are getting ready to leave permanently.",Named Person,Gordon Leon,,
15-Newsom-declares-emergency,10.0,"Leon doesn't want to leave his neighborhood because he loves its beauty and that he gets to look at the ocean every day, he said.",Named Person,Gordon Leon,,
15-Newsom-declares-emergency,12.0,"The city’s mayor, John Cruikshank, told LAist on Monday that Southern California Edison should have done more earlier to transition residents off grid and prevent additional outages. Cruikshank said he’s working with private energy companies — and that he has even reached out to Elon Musk — to figure out how to shift those residents off the grid longer-term.",Named Person,John Cruikshank,Mayor,
15-Newsom-declares-emergency,13.0,"“We’re hearing that our residents want to stay in their homes, and we're doing everything we can to keep them in their homes,” Cruikshank said. “We're going to do everything we can to push the governor and the federal government to provide them funds.”",Named Person,John Cruikshank,Mayor,
16-America's-Sleeping-Giant,2.0,"Columbia University researcher Robert Paul Hartley found that only 46 percent of voters with household income less than twice the federal poverty rate cast a ballot in 2016, as compared to a 68 percent turnout rate for voters who had a household income more than twice the poverty line.",Named Person,Robert Paul Hartley,Columbia University researcher,
16-America's-Sleeping-Giant,3.0,"“They’re saying that they’re not voting because people are not speaking to their issues and that they’re just not interested in those candidates,” Hartley, told the New York Times “But it’s not that they couldn’t be.”",Named Person,Robert Paul Hartley,Columbia University researcher,
16-America's-Sleeping-Giant,4.0,"""In 2024, the election is going to be about mobilization,” Lake told reporters. “There is no question that the biggest contest between the two parties is going to be who can get their voters out to vote. Democrats have an enthusiasm gap today, and the progressive alliance and Democrats have fissures within their constituency that makes getting out the vote even more important. The biggest bloc of potential voters by far is low-income, low-wage voters. Increased participation even by miniscule percentages could be game changers. It is a massive voter engagement that is being started here today.”",Named Person,Celinda Lake,"President, Lake Research Partners","They were joined by respected pollster Celinda Lake, President of Lake Research Partners.
"
16-America's-Sleeping-Giant,7.0,"“For far too long extremists have blamed poor people and low wage people for their plight while moderates too often have ignored poor people, appealing instead to the so-called middle class while the poor and low wage people have become nearly half of this country,” Barber told reporters. “Poor and low wage people have the power to determine and decide the 2024 elections and elections beyond. In the 2016 election there were 34 million poor and low wealth people eligible to vote but didn’t. These voters made up more than a quarter of the electorate.” 
",Named Person,William Barber,Rev.Dr.,
16-America's-Sleeping-Giant,8.0,“Poor and low wage people have the power to determine and decide the 2024 elections and elections beyond. In the 2016 election there were 34 million poor and low wealth people eligible to vote but didn’t. These voters made up more than a quarter of the electorate.”,Named Person,William Barber,Rev.Dr.,
16-America's-Sleeping-Giant,9.0,"“Poverty is now the fourth leading crisis of death in America, a moral crisis in America taking the lives of 800 people a day and this is before and after COVID…These are the issues that must be at the center of the narrative of a democracy in our country. If we are serious about saving the democracy it can’t be some philosophical term. Saving the democracy must be a Third Reconstruction where people are paid a living wage—where people have health care—where public education is fully funded and where voting rights are protected and expanded.”",Named Person,William Barber,Rev.Dr.,
16-America's-Sleeping-Giant,10.0,Barber called out by name eight moderate U.S. Senate Democrats that in 2021 joined with the Republicans to defeat raising the minimum wage to $1 from the $7.25 where it has been stuck since 2009 when Obama was president.,Named Person,William Barber,Rev.Dr.,
16-America's-Sleeping-Giant,12.0,"“We are mobilizing, organizing, registering and educating people for a movement that votes, votes for healthcare and debt cancellation, votes for living wages and string anti-poverty programs and votes for fair taxes and the demilitarizing  of our communities and world,” said Rev. Dr. Liz Theoharis who noted that since the last presidential election close to 1,000 voter suppression bills have been introduced “that impacts poor and low income people the most.”
",Named Person,Liz Theoharis,Rev. Dr. ,
16-America's-Sleeping-Giant,13.0,"""I work for MassHealth as a Personal Care Attendant, helping to take care of people with disabilities and who are sick and need help with their daily activities. But I do not have health insurance myself,” Guzman told reporters.  “I am an essential worker living paycheck-to-paycheck and I have to make decisions every day. Do I put gas in my car or do I pay my bills? Or do I put food on my table?,” said Janice Guzman, an organizer with the. “This is why I am organizing with the Massachusetts Poor People's Campaign. We have got to get our power as people, get back the mic, raise our voices and register voters. Forward together!""
",Named Person,Janice Guzman,"Organizer, Massachusetts Poor People's Campaign ",
17-homelessness-santa-clara,1.0,"Campa’s next goal? To get her son, Sergio, who has been diagnosed with autism spectrum disorder, enrolled in kindergarten.",Named Person,Juanita Campa,,
17-homelessness-santa-clara,2.0,"“He’s a very smart kid,” Campa said. “He listens.”",Named Person,Juanita Campa,,
17-homelessness-santa-clara,3.0,Campa also hopes to move her family into a more permanent living situation.,Named Person,Juanita Campa,,
17-homelessness-santa-clara,6.0,"In the Alum Rock district, Superintendent Imee Almazan said the COVID-19 pandemic exacerbated multiple economic issues that were out of the parents’ and the school district’s control, leading to the increase in homeless youth.",Named Person,Imee Almazan,"Superintendent, Alum Rock District",
17-homelessness-santa-clara,7.0,"“It goes back to economic hardships, loss of jobs, displacement. There’s just a number of reasons why our families are growing in our (homeless youth) population,” Almazan said. “And some of our families haven’t bounced back from that yet.”",Named Person,Imee Almazan,"Superintendent, Alum Rock District",
17-homelessness-santa-clara,8.0,"Maryam Adalat, director of student services at East Side Union High School District, said many families have lost stable housing, their jobs or loved ones who were the family’s main provider since the COVID-19 pandemic.",Named Person,Maryam Adalat,"director of student services, East Side Union High School District",
17-homelessness-santa-clara,9.0,"Adalat said district staff have seen many families facing unstable housing and multiple families living in a household. “We have students who are living in shelters. We actually have foster youth that are unhoused as well,” she said.",Named Person,Maryam Adalat,"director of student services, East Side Union High School District",
17-homelessness-santa-clara,11.0,"Annya Artigas, the director of Social Emotional Learning at the Alum Rock district, said homelessness can affect students inside and outside the classroom. For example, many homeless children struggle to find timely transportation to school, and once they arrive at school, the only meal they may eat is their school lunch.",Named Person,Annya Artigas,"director of Social Emotional Learning, the Alum Rock district",
17-homelessness-santa-clara,12.0,"“There are a number of kids that we knew who were homeless who would show up late. Before we brought them to the classroom, we bring them to the cafeteria and grab them something to eat and grab them some milk so that they can have something in their stomach before they went into the classroom,” she said.",Named Person,Annya Artigas,the director of Social Emotional Learning at the Alum Rock district,
17-homelessness-santa-clara,15.0,"As a result of these different stressors, homeless children may also struggle to stay mentally present in school, Artigas said. Many come to school sleepy, tired and hungry, impacting their ability to function in the classroom.",Named Person,"Annya Artigas,",the director of Social Emotional Learning at the Alum Rock district,
17-homelessness-santa-clara,16.0,"“Whenever a child presents inside a classroom, all of those things come with that child. And all of those things are impacting their ability to engage, their ability to receive information and process it and retain it,” Artigas said.",Named Person,"Annya Artigas,",the director of Social Emotional Learning at the Alum Rock district,
17-homelessness-santa-clara,17.0,"Maureen Smith, a professor who teaches childhood adolescent development at San Jose State University, said children experiencing homelessness without a guardian are also less likely to be enrolled in school. She said some children are forced to leave their homes because of domestic violence or because of their gender or sexual identity.",Named Person,Maureen Smith,"Professor, San Jose State University", professor who teaches childhood adolescent development
17-homelessness-santa-clara,18.0,"“They leave the home really traumatized to begin with, and then they end up on the streets,” Smith said.",Named Person,Maureen Smith,"Professor, San Jose State University", professor who teaches childhood adolescent development
17-homelessness-santa-clara,19.0,"Back on the East Side, Campa said Sergio will be able to go to school soon, but she doesn’t
know when. She’s waited for more than two months to get a phone call back from the
McKinley-Franklin and San Jose Unified school districts. She started filing Sergio’s
paperwork over a year ago.",Named Person,Juanita Campa,,
17-homelessness-santa-clara,20.0,"“I felt like I wasn’t doing my job as a mom because we’re homeless,” she said “We were working but it wasn’t enough. ... I don’t want to be back here.”",Named Person,Juanita Campa,,She doesn’t like to think about how her family used to live in the Jungle. Now she has less than 90 days remaining at the hotel.
18-wyoming-primary-dems,3.0,"“Normally I just roll my eyes and walk away because I’m fighting a losing battle and I’m fully aware of that,” she said. “Maybe that is why I’m well-liked, because I keep my mouth shut 10 times more than I want to.”
",Named Person,Becky Blackburn ,,"A paralegal for the Republican county attorney, Blackburn hears a lot of right-wing views around town."
18-wyoming-primary-dems,4.0,"She speaks approvingly of policing reform, taxation for government services and the transgender social media celebrity Dylan Mulvaney.
",Named Person,Becky Blackburn ,,"A paralegal for the Republican county attorney, Blackburn hears a lot of right-wing views around town."
18-wyoming-primary-dems,5.0,"“I won two elections here. Even though that’s nonpartisan, people still knew I had left-leaning values,”",Named Person,Becky Blackburn ,,"Maybe because she’s open about those views — and far too outnumbered to put them into action — Blackburn really does seem well-liked in Lusk, where she recently served nine years on the Town Council.
"
18-wyoming-primary-dems,6.0,"You feel skeevy and dirty when you do it. But you do it anyway and you change it back as soon as you can, because you don’t want to start getting the Republican mailings,”",Named Person,Becky Blackburn ,,"many Democrats have been switching their registration to vote in more competitive Republican primaries, then changing back for the general election.
"
18-wyoming-primary-dems,7.0,"Party-switching had “undermined the sanctity of Wyoming’s primary process,” Wyoming’s Republican secretary of state, Chuck Gray, said in a statement of approval.",Named Person,Chuck Gray,Wyoming Secretary of State,"Wyoming’s Republican secretary of state, Chuck Gray, said in a statement of approval.
"
18-wyoming-primary-dems,8.0,"“How far are they going to go to limit one’s ability to vote? If it really comes down to purifying the party, on a voting level all the way up to the elected officials, pretty soon there isn’t going to be anyone left who’s pure enough to be in the party,” Diercks said.
",Named Person,Ross Diercks,Former Democratic state representative,"The new law keeping Diercks and others from switching their registration so easily has him exasperated with the GOP.
"
18-wyoming-primary-dems,9.0,"Truck driver Pat Jordan supports many left-leaning goals, including universal healthcare, but said he only registers as a Republican.
",Named Person,Pat Jordan,,Truck driver Pat Jordan supports many left-leaning goals
18-wyoming-primary-dems,10.0,"“The best way to participate in meaningful change is to try to sway the dominant party,” said Jordan, who lives in Niobrara County. “You know, we need to have a government that serves the people, all of them, not just Republicans and not just rural and not just urban and not just Democrats — and definitely not just the rich and the wealthy.”
",Named Person,Pat Jordan,,Truck driver Pat Jordan supports many left-leaning goals
18-wyoming-primary-dems,11.0,"He said people know his views but rarely put him on the spot about politics.
",Named Person,Ed Fullmer,high school boys basketball team coach,"Last winter, dozens of locals gathered outside to honk and cheer as one Democrat left town. But they weren’t cheering as Ed Fullmer was headed off for good.
"
18-wyoming-primary-dems,12.0,"“Most people don’t want to dive into those type of discussions,” he said. “They respect you for what you do, how you work.”
",Named Person,Ed Fullmer,high school boys basketball team coach,"Last winter, dozens of locals gathered outside to honk and cheer as one Democrat left town. But they weren’t cheering as Ed Fullmer was headed off for good.
"
18-wyoming-primary-dems,13.0,"“I am who I am, and I have the views that I have,” she said. “And I don’t care if it bothers people or not.”
",Named Person,Becky Blackburn ,,"Blackburn, for one, intends to hold her political ground, even as it shrinks around her.
"
19-oakland-sues-SW-airlines,2.0,"The city attorney claims that Southwest’s violations have potentially affected thousands of workers.  
",Named Person,Barbara Parker,City Attorney,
19-oakland-sues-SW-airlines,3.0,"“The City of Oakland is committed to protecting workers by ensuring that all employers in Oakland are complying with laws that protect their rights,” Parker said in a statement.  
",Named Person,Barbara Parker,City Attorney,
19-oakland-sues-SW-airlines,6.0,"According to the city attorney, Southwest didn’t restore those hours for all workers.",Named Person,Barbara Parker,City Attorney,
19-oakland-sues-SW-airlines,10.0,"In a press release, the city attorney said Southwest’s practices were especially detrimental during the COVID-19 pandemic, when workers were forced to report to work even when they were sick.
",Named Person,Barbara Parker,City Attorney,
19-oakland-sues-SW-airlines,11.0,"“We are grateful that the City of Oakland is holding Southwest accountable. We hope that Southwest policies and practices will finally change for good,” Eric Swygert, a Southwest employee and an elected ramp representative with the Transport Workers Union of America Local 555, said in a statement.
",Named Person,Eric Swygert,Elected ramp representative with the Transport Workers Union of America Local 555,Southwest employee
2-Best-DDR-player,1.0,It wasn't anything serious,Named Person,Chris Chike,,The greatest Dance Dance Revolution player in the world; he told Gazetteer SF over FaceTime from his home in Hayward
2-Best-DDR-player,2.0,I wasn't extremely good at the game or anything.,Named Person,Chris Chike,,The greatest Dance Dance Revolution player in the world; he told Gazetteer SF over FaceTime from his home in Hayward
2-Best-DDR-player,5.0,"“He's the GOAT,” according to friend Roger Clark, a San Francisco programmer and longtime DDR enthusiast. “Everybody knows it. No one would deny it.”
",Named Person,Roger Clark,,longtime DDR enthusiast. San Francisco programmer
2-Best-DDR-player,7.0,"He began earning endorsement deals, and was profiled in several mainstream news publications, telling the New York Times he wanted to buy a multi-thousand dollar DDR arcade cabinet. ",Named Person,Chris Chike,,The greatest Dance Dance Revolution player in the world; he told Gazetteer SF over FaceTime from his home in Hayward
2-Best-DDR-player,9.0,"I don’t think I would have any other reason to take it so seriously if it wasn’t for the community and the competition,",Named Person,Chris Chike,,the greatest Dance Dance Revolution player in the world.
2-Best-DDR-player,10.0,"You discover this group of people who’s really like-minded. It’s a really rare thing, because out in the normal world, there’s not a lot of people who think like me or have similar hobbies or have the grinder mentality for video games like me",Named Person,Chris Chike,,the greatest Dance Dance Revolution player in the world.
2-Best-DDR-player,12.0,"“Whenever you meet someone who plays DDR, you kind of don't really care that much what they're doing outside of the game, right?” Clark said. ",Named Person,Roger Clark,,"longtime DDR enthusiast. San Francisco programmer; The two first met in person at the Ohio tournament, then grew close once they both lived in the Bay Area. "
2-Best-DDR-player,13.0,"In all of his years of knowing Chike, he could not recall a time when they'd talked about their jobs, despite both spending years working in the tech industry here.",Named Person,Roger Clark,,"longtime DDR enthusiast. San Francisco programmer; The two first met in person at the Ohio tournament, then grew close once they both lived in the Bay Area. "
2-Best-DDR-player,14.0,"It’s something that few other elite Dance Dance Revolution players really bother with, Clark said. ",Named Person,Roger Clark,,"longtime DDR enthusiast. San Francisco programmer; The two first met in person at the Ohio tournament, then grew close once they both lived in the Bay Area. "
2-Best-DDR-player,15.0,"“How someone can even have the physical stamina to do that let alone have the mental fortitude to continue when one tiny mistake is the end of the run … it’s hard to even come up with words for this kind of thing,” Clark said. “It's literally Olympics level, astronaut level.”",Named Person,Roger Clark,,longtime DDR enthusiast. San Francisco programmer
2-Best-DDR-player,16.0,"“I was, like, I get to quit and have severance at the same time — it was almost a win-win, ‘cause I was already a little bit checked out,” he said.",Named Person,Chris Chike,,the greatest Dance Dance Revolution player in the world.
2-Best-DDR-player,17.0,"Chike told Gazetteer he’s saved enough to keep him afloat for a few years, helped along by the occasional brand deal. ",Named Person,Chris Chike,,the greatest Dance Dance Revolution player in the world.
2-Best-DDR-player,18.0,"“I don't think I can physically do this forever,” he said. “I'm getting up there, I just turned 33 this week. So I'm just taking advantage of it while I can.”",Named Person,Chris Chike,,the greatest Dance Dance Revolution player in the world.
2-Best-DDR-player,19.0,"The mixture of talent, endurance, and the good fortune of coming up at DDR’s peak is a one-in-a-million combination, as his friend Clark proudly pointed out.",Named Person,Roger Clark,,longtime DDR enthusiast. San Francisco programmer
2-Best-DDR-player,20.0,"“This is the best that anyone in the human race could possibly achieve at this thing,” Clark told Gazetteer.",Named Person,Roger Clark,,longtime DDR enthusiast. San Francisco programmer
20-bill-easier-access,2.0,"Sen. Cortese said that SB 1015 ensures that the state meets the growing demand in the nursing field.
",Named Person,Dave Cortese,"Senator, (D-San Jose)",
20-bill-easier-access,3.0,"“As California’s population ages and becomes increasingly more diverse, we will need a qualified and experienced nursing workforce to meet the unique demands and varied needs of all patients. That is why we must have appropriate nurse staffing levels which have proven to reduce mortality rates, reduce hospital length of stays, and reduce the number of preventable events such as falls and infections,” said Cortese.
",Named Person,Dave Cortese,"Senator, (D-San Jose)",
20-bill-easier-access,6.0,"Cathy Kennedy, a Registered Nurse and president of the CNA, said that SB 1015 helps nursing students receive a clinical education and placement amid the nationwide staffing crisis, despite their socioeconomic background.
",Named Person,Cathy Kennedy,"Registered Nurse, and President, California Nurses Assocation",
20-bill-easier-access,7.0,"“Clinical education is an essential part of any nurse’s education, yet aspiring nurses, especially students in public programs, are being denied access to clinical placements,” said Kennedy.
",Named Person,Cathy Kennedy,"Registered Nurse, and President, California Nurses Assocation",
20-bill-easier-access,8.0,"“We applaud the California Senate for passing S.B. 1015. It is commonsense reform that will increase transparency and increase oversight from the Board of Registered Nursing,” she added.
",Named Person,Cathy Kennedy,"Registered Nurse, and President, California Nurses Assocation",
21-trump-kamala-mispronounce,1.0,"However, during a 2020 interview with Trevor Noah on The Daily Show, she addressed the issue with grace and insight. Harris explained that a name is a precious gift from one’s family, rooted in tradition, love, and hope. She emphasized that respecting the significance of names honors those values, while mocking or mispronouncing them is childish and reflects a lack of maturity and respect.",Named Person,Kamala Harris,Vice President,
21-trump-kamala-mispronounce,2.0,"“That the highest elected leaders should conduct themselves like they did when they were children on the playground, it speaks poorly of their appreciation for the responsibility of the role that they have,” Harris said to Noah. “And I think it’s a reflection of their values and their maturity.”",Named Person,Kamala Harris,Vice President,
21-trump-kamala-mispronounce,3.0,"Harris added, “I don’t pay attention to the name-calling, Trevor. There’s some of us who have lived a lifetime of being called names. It is predictable, it is childish, and it will not distract me.”",Named Person,Kamala Harris,Vice President,
22-Judge-rules-breona-taylor,1.0,"As a result, the injured officer and two other plainclothes officers returned fire for “self-protection,” the judge ruled
",Named Person,Charles R. Simpson III ,U.S. District Judge ,
22-Judge-rules-breona-taylor,4.0,"Christopher 2X, a longtime community organizer, and friend of Taylor’s family, said, “I was just thinking about her mother [Tamika Palmer] in regards to how she would interpret that particular ruling by the judge.” 
",Named Person,Christopher 2X,"Founder, Game Changers, community organizer","a longtime community organizer, and friend of Taylor’s family"
22-Judge-rules-breona-taylor,2.0,"“It’s just more pain on top of pain, and unfortunately, that’s the way the court system goes,” he said.
",Named Person,Christopher 2X,"Founder, Game Changers, community organizer",
22-Judge-rules-breona-taylor,3.0,"At a rally in Charlotte, North Carolina, former President Donald Trump pledged to combat police violence by giving police “back their power,” in part by limiting federal oversight over local police departments and strengthening qualified immunity.

",Named Person,Donald Trump,Former President,
22-Judge-rules-breona-taylor,4.0,"Christopher 2X said Harris should talk more on the campaign trail about policing reforms. “With this ruling by Judge Simpson, the conversation of police reform keeps going on. There’s no backtracking in this conversation. People can, in the most civil way, have the conversation, debate about it, [especially] when these incidents are right in front of your face, the ruling is right in front of your face, the conversation doesn’t stop,” Christopher 2X said. ",Named Person,Christopher 2X,"Founder, Game Changers, community organizer",
22-Judge-rules-breona-taylor,5.0,"The founder of Game Changers, a nonprofit organization dedicated to educating children about violence in order to end violence in the long term, Christopher 2X said Harris should answer questions about policing reform just like it was a question about the economy. ",Named Person,Christopher 2X,"Founder, Game Changers, community organizer","The founder of Game Changers, a nonprofit organization dedicated to educating children about violence in order to end violence in the long term"
22-Judge-rules-breona-taylor,6.0,"“She’s a former prosecutor. I believe, respectfully, that she should talk about it (police reform) with force, and with great understanding of the atmosphere that’s still asking for that conversation,” Christopher 2X said, adding, “She should be willing and ready to address this whole issue that still, there’s no answers to.”",Named Person,Christopher 2X,"Founder, Game Changers, community organizer","The founder of Game Changers, a nonprofit organization dedicated to educating children about violence in order to end violence in the long term"
22-Judge-rules-breona-taylor,11.0,"Hawk Newsome, co-founder of Black Lives Matter of Greater New York and Black Opportunities, wrote in an email to Capital B that the organization’s Black Agenda 2024 consists of dozens of proposed policies created by a multigenerational group of leaders from across the country, and for people who “don’t attend your churches or community meetings, engage in local politics, or take your polls.”",Named Person,Hawk Newsome,"co-founder, Black Lives Matter, Greater New York and Black Opportunities",
22-Judge-rules-breona-taylor,12.0,The agenda addresses ending qualified immunity to allow families of police violence to personally sue an officer in question. It also calls to “declare a war on poverty” to reallocate funds from “ineffective public initiatives — including law enforcement — to address the social determinants of health.”,Named Person,Hawk Newsome,"co-founder, Black Lives Matter, Greater New York and Black Opportunities",
22-Judge-rules-breona-taylor,13.0,"If the latter goes in effect, “it would prevent the necessity for cases like Breonna Taylor’s because we would be attacking the root cause of crime, which brings down crime rates,” Newsome said, adding, “Less crime means politicians are less likely to allow illegal and overzealous policing.”
",Named Person,Hawk Newsome,co-founder of Black Lives Matter of Greater New York and Black Opportunities,
23-black-landowners-11mins,1.0,"Shaw, the chairman of the board, provided the only comment: “I would like to say this has been a long, difficult case, and I want to thank all the parties, and especially thank our staff for the diligence, hard work, and all the parties for just the professionalism and decorum shown on this case.”",Named Person,Jason Shaw,"Chairman of the board, Georgia Public Service Commission ",
23-black-landowners-11mins,3.0,"Blaine Smith, a Black man who is one of the heirs of 600 acres that came into their family in the 1920s, said in a statement: “We’re determined to keep fighting against this attempt to take our ancestral land from us.”",Named Person,Blaine Smith,,a Black man who is one of the heirs of 600 acres that came into their family in the 1920s
23-black-landowners-11mins,4.0,"“We want to keep our property whole, so we can pass it down to our children and they can continue to build generational wealth,” Smith added.",Named Person,Blaine Smith,,a Black man who is one of the heirs of 600 acres that came into their family in the 1920s
23-black-landowners-11mins,6.0,"“As Black people, ownership of land and property is more valuable than a dollar amount because it allows a certain type of economic freedom that we are often deprived of,” attorney Sharika Robinson told Capital B last year. “I don’t know what is ‘just’ about replacing that economic liberty with a dollar amount that will not increase in value.”",Named Person,Sharika Robinson,attorney,
23-black-landowners-11mins,7.0,"“Georgia law does not permit a private company to take land through eminent domain unless the land will be put to a public use,” said Bill Maurer, senior attorney for Institute for Justice who represents the landowners. “Building a rail spur that will only be used by a few private companies, and not the public at large, is not a public use. We look forward to making it clear to the court that the [Public Service Commission] made an error in considering Sandersville’s land grab as a public use.”",Named Person,Bill Maurer,senior attorney for Institute for Justice,"The property owners are represented by the nonprofit Institute for Justice, a public interest law firm. 
"
23-black-landowners-11mins,8.0,"Benjamin Tarbutton III, the owner of Sandersville Railroad, has contended this development is expected to create 20 temporary construction jobs, a dozen permanent jobs with an average salary and benefits package of $90,000, and generate over $1.5 million annually for Hancock County.",Named Person,Benjamin Tarbutton III,"Owner, Sandersville Railroad",
23-black-landowners-11mins,10.0,"There are also environmental concerns, said Jamie Rush, senior staff attorney with the Southern Poverty Law Center’s Economic Justice Project who represents the No Railroad In Our Community Coalition, a coalition of residents who aren’t losing their property to the railroad but will be affected by the train.",Named Person,Jamie Rush,"senior staff attorney, Southern Poverty Law Center’s Economic Justice Project",who represents the No Railroad In Our Community Coalition
23-black-landowners-11mins,11.0,"“The reality is if you’ve ever lived near a train, or you’ve ever ridden on a train or been near a train, it’s not the same as trucks driving by,” Rush said last year. “Even if the train is not going through your property, the fact that a train is near your property — all of the noise pollution, the vibrations of a train … all of that affects your property value, your peace of mind and your home.”",Named Person,Jamie Rush,"senior staff attorney, Southern Poverty Law Center’s Economic Justice Project",who represents the No Railroad In Our Community Coalition
23-black-landowners-11mins,13.0,"“The proposed condemnation … serves a legitimate public purpose and is necessary for the proper accommodation of the business,” Bond wrote. “The petition of Sandersville Railroad, as amended, is granted.”",Named Person,Thomas K. Bond,"hearing officer,  Georgia Public Service Commission",
24-what-happens-to-migrants,2.0,Trump has falsely claimed asylum seekers have contributed to a surge in “migrant crime” and has vowed to restrict asylum and the border. ,Named Person,Donald Trump,Former President,
24-what-happens-to-migrants,4.0,"Brian Manning, a political asylum lawyer and former government asylum officer, said that asylum could be impacted by a second Trump presidency more drastically than before. 
",Named Person,Brian Manning,"political asylum lawyer, former government asylum officer",
24-what-happens-to-migrants,5.0,"During his 2024 presidential campaign, Trump has on multiple occasions falsely claimed an increase in migrant crime, tying it to the arrival of asylum seekers. During a Bronx rally in May, Trump emphasized the need for a border wall and increased border security. 
",Named Person,Donald Trump,Former President,
24-what-happens-to-migrants,6.0,"“There is concern that they’ll [asylum restrictions] actually be implemented more effectively. Last time, he didn’t expect to win and didn’t have a professional class built around him that could actually get things done in government in general,” Manning said. He added that now Trump could surround himself with people who can push for policies that would stand in court, as opposed to the executive actions that were challenged during the first administration. 
",Named Person,Brian Manning,"political asylum lawyer, former government asylum officer",
24-what-happens-to-migrants,7.0,"“It is safe to assume that after the many missteps of his first presidency, that his administration would be better equipped to learn from their past mistakes and more effectively attack immigrant communities from the White House,” Marlene Galaz, Director of Immigrant Rights Policy, New York Immigration Coalition, said. 
",Named Person,Marlene Galaz,"Director of Immigrant Rights Policy, New York Immigration Coalition",
24-what-happens-to-migrants,8.0,"Another possible impact of Trump’s second administration on asylum depends on whether or not Trump goes along with Project 2025, Manning said. ",Named Person,Brian Manning,"political asylum lawyer, former government asylum officer",
24-what-happens-to-migrants,9.0,"“The stuff about immigration is pretty severe. There are talks around the Project 2025 crowd about eliminating work authorization for asylum seekers, getting rid of TPS, Temporary Protected Status,” Manning said. 
",Named Person,Brian Manning,"political asylum lawyer, former government asylum officer",
24-what-happens-to-migrants,10.0,"“We anticipate the president, Trump, to use its executive authority to implement these policies — but again, we anticipate we should be able to challenge,” Nils Kinuani, Federal Policy Manager at African Communities Together (ACT), said. He added that in the past ACT and other partner organizations have successfully challenged Trump’s policies through litigation. 
",Named Person,Nils Kinuani,"Federal Policy Manager, African Communities Together (ACT)",
24-what-happens-to-migrants,11.0,"Kinuani also explained that if Trump were to pass policies through Congress that limit asylum, which he said is unlikely, then it is harder to challenge. “It is not impossible but it becomes harder to challenge that. But, again … it is very unlikely given the current political climate.”
",Named Person,Nils Kinuani,"Federal Policy Manager, African Communities Together (ACT)",
25-ballot-access-trans,3.0,"“There is a chilling effect,” said Lauren Kunis, CEO and executive director of VoteRiders, which helps voters obtain identification. “There is an unsafe and intimidating environment around existing as trans in society, and definitely in being able to go to the polls safely and cast a ballot.”
",Named Person,Lauren Kunis,CEO and executive director of VoteRiders,"In eight battleground states, the nonprofit VoteRiders is on the ground helping voters get the identification they need to cast ballots in the November election — and one that reflects who they are. 
"
25-ballot-access-trans,4.0,"“A lot is falling on poll workers to correctly enforce the law,” Kunis added. “And I would argue that is less of a solid protection in states where anti-trans rhetoric is skyrocketing.”
",Named Person,Lauren Kunis,CEO and executive director of VoteRiders,"In eight battleground states, the nonprofit VoteRiders is on the ground helping voters get the identification they need to cast ballots in the November election — and one that reflects who they are. 
"
25-ballot-access-trans,6.0,He described Democratic vice presidential nominee Tim Walz recently as “very heavy into the transgender world.” ,Named Person,former President,,"Anti-transgender rhetoric was front and center at the Republican National Convention in July, and Trump has taken to verbally targeting transgender people in his campaign. "
25-ballot-access-trans,8.0,"“Trans votes count,” said Ankit Rastogi, director of research for the National Center for Transgender Equality, which conducted the survey and will soon be known as Advocates for Trans Equality Education Fund. “I think the big takeaway is that our community is really trying to come out and make a difference through the democratic process.”
",Named Person,Ankit Rastogi,"director of research, National Center for Transgender Equality",which conducted the survey
25-ballot-access-trans,9.0,"Forcing a person to show identification that does not align with their gender identity could out them to people in their community, as Lucas Cameron-Vaughn, an attorney for the ACLU of Tennessee, explained.
",Named Person,Lucas Cameron-Vaughn,"Attorney, ACLU of Tennessee","Those that intentionally target government identification that people use in everyday life, like driver’s licenses, are particularly challenging."
25-ballot-access-trans,10.0,"“Trans people, just like everyone else, want to be able to travel, start new jobs, open bank accounts, enroll in school, vote — all of those things require some form of ID. And so when a state goes out of its way to enforce its message about its belief about sex and gender on a license, and transgender people then have to publicize that when they show other people, it creates a dangerous environment,” he said.
",Named Person,Lucas Cameron-Vaughn,"Attorney, ACLU of Tennessee",
25-ballot-access-trans,14.0,"“It’s a tactic that’s designed to splinter support for trans rights and suggest sort of who is harmed by protecting trans people — to frame that as cisgender women being the people harmed by protections for trans people,” said Rose Saxe, who is deputy project director for the ACLU’s LGBT & HIV Project.
",Named Person,Rose Saxe,"deputy project director, ACLU’s LGBT & HIV Project","politicians supporting these policies frame them as protecting cisgender women.
"
25-ballot-access-trans,18.0,"“The states with the anti-trans laws are also the ones that are more likely to be passing anti-voter laws, full stop,” Kunis said.
",Named Person,Lauren Kunis,CEO and executive director of VoteRiders,"In eight battleground states, the nonprofit VoteRiders is on the ground helping voters get the identification they need to cast ballots in the November election — and one that reflects who they are. 
"
25-ballot-access-trans,20.0,"But the new gender marker regulation signals yet another way that state agencies in Florida have overstepped their bounds and been “weaponized” to target transgender Floridians, they argued.
",Named Person,Quinn Diaz,"public policy associate, advocacy group Equality Florida","Diaz, who is transgender, moved to Florida from Massachusetts, where they had an “X” gender marker on their driver’s license. Because they didn’t have all the necessary documentation and weren’t established yet with a local provider when they transferred their license to Florida, they forfeited that marker and defaulted to a license with their sex assigned at birth. 
"
25-ballot-access-trans,21.0,"“We saw it as a move to inflict maximum chaos and misunderstanding,” Diaz said. “And really to scare trans folks from even participating and getting the license if they needed to update it.”
",Named Person,Quinn Diaz,"public policy associate, advocacy group Equality Florida","Diaz, who is transgender, moved to Florida from Massachusetts, where they had an “X” gender marker on their driver’s license. Because they didn’t have all the necessary documentation and weren’t established yet with a local provider when they transferred their license to Florida, they forfeited that marker and defaulted to a license with their sex assigned at birth. 
"
25-ballot-access-trans,22.0,"“With these laws in Florida, you’re forced to choose between living authentically and just not really participating in public life,” Diaz said. 
",Named Person,Quinn Diaz,public policy associate at advocacy group Equality Florida,"Diaz, who is transgender, moved to Florida from Massachusetts, where they had an “X” gender marker on their driver’s license. Because they didn’t have all the necessary documentation and weren’t established yet with a local provider when they transferred their license to Florida, they forfeited that marker and defaulted to a license with their sex assigned at birth. 
"
25-ballot-access-trans,23.0,"Diaz said they didn’t have any problems voting in person in the 2022 midterms, but they plan to vote by mail this November.
",Named Person,Quinn Diaz,public policy associate at advocacy group Equality Florida,"Diaz, who is transgender, moved to Florida from Massachusetts, where they had an “X” gender marker on their driver’s license. Because they didn’t have all the necessary documentation and weren’t established yet with a local provider when they transferred their license to Florida, they forfeited that marker and defaulted to a license with their sex assigned at birth. 
"
25-ballot-access-trans,24.0,"“I can imagine that a lot of trans folks in Florida who might not have access … to an accurate and affirming ID might not want to engage in that process at all, especially in such a heightened political environment,” Diaz said.
",Named Person,Quinn Diaz,public policy associate at advocacy group Equality Florida,"Diaz, who is transgender, moved to Florida from Massachusetts, where they had an “X” gender marker on their driver’s license. Because they didn’t have all the necessary documentation and weren’t established yet with a local provider when they transferred their license to Florida, they forfeited that marker and defaulted to a license with their sex assigned at birth. 
"
25-ballot-access-trans,25.0,"“Gender nonconforming people are already under such public scrutiny nationwide,” Diaz said. “That’s when you’re gonna see the convergence of those two elements. It really seems like it would only result in more discrimination, more discomfort for trans people, more interrogation and potentially just being turned away.” 
",Named Person,Quinn Diaz,public policy associate at advocacy group Equality Florida,"Diaz, who is transgender, moved to Florida from Massachusetts, where they had an “X” gender marker on their driver’s license. Because they didn’t have all the necessary documentation and weren’t established yet with a local provider when they transferred their license to Florida, they forfeited that marker and defaulted to a license with their sex assigned at birth. 
"
25-ballot-access-trans,26.0,"Hazel Krebs, a 42-year-old transgender woman living in Kansas, one of the states with a new anti-trans law, felt the weight of that increased scrutiny as she cast her ballot in March. Krebs wondered whether her identification — one that for weeks no longer reflected her gender identity — might impact her ability to vote.
",Named Person,Hazel Krebs,,"a 42-year-old transgender woman living in Kansas, one of the states with a new anti-trans law"
25-ballot-access-trans,27.0,"“They won’t stop me, but I can see how it would stop others,” she said. “It is almost certainly stopping some people from showing up at the polls.”
",Named Person,Hazel Krebs,,"a 42-year-old transgender woman living in Kansas, one of the states with a new anti-trans law"
25-ballot-access-trans,28.0,"While the driver’s license is the most ubiquitous form of identification in the United States’ car-centric society, Kunis wants to dispel the “common misconception” that it’s the only form of ID people can use to vote. 
",Named Person,Lauren Kunis,CEO and executive director of VoteRiders,"In eight battleground states, the nonprofit VoteRiders is on the ground helping voters get the identification they need to cast ballots in the November election — and one that reflects who they are. 
"
25-ballot-access-trans,29.0,"In addition to using passports as identification, Diaz said that Florida voters have the option to vote by mail, vote early in person and bring a friend or family member to the polls.
",Named Person,Quinn Diaz,public policy associate at advocacy group Equality Florida,"Diaz, who is transgender, moved to Florida from Massachusetts, where they had an “X” gender marker on their driver’s license. Because they didn’t have all the necessary documentation and weren’t established yet with a local provider when they transferred their license to Florida, they forfeited that marker and defaulted to a license with their sex assigned at birth. 
"
25-ballot-access-trans,30.0,"“Our ability to participate in this democracy in Florida, it’s been on the line for a while,” Diaz said. Transgender people, they said, are being “forced to choose between participating in our greatest civic right or just sitting out because the state doesn’t see us for who we are.”
",Named Person,Quinn Diaz,public policy associate at advocacy group Equality Florida,"Diaz, who is transgender, moved to Florida from Massachusetts, where they had an “X” gender marker on their driver’s license. Because they didn’t have all the necessary documentation and weren’t established yet with a local provider when they transferred their license to Florida, they forfeited that marker and defaulted to a license with their sex assigned at birth. 
"
25-ballot-access-trans,31.0,"“Something that’s very frustrating for us at VoteRiders is you will never be able to capture the number of people who do not feel safe voting, and who therefore stay home. And you also won’t be able to capture the people who are trans and show up to try and vote and are turned away.” Kunis said. “And we know that is happening, but it is difficult to quantify.”
",Named Person,Lauren Kunis,CEO and executive director of VoteRiders,"In eight battleground states, the nonprofit VoteRiders is on the ground helping voters get the identification they need to cast ballots in the November election — and one that reflects who they are. 
"
25-ballot-access-trans,32.0,"Cameron-Vaughn said he also worries about a scenario where a trans person is stopped at a polling place because of mismatching information on their identification and must fill out a provisional ballot — a voting option that often requires a person to return at a later date with more documentation to ensure their vote is counted.
",Named Person,Lucas Cameron-Vaughn,"Attorney, ACLU of Tennessee",
25-ballot-access-trans,33.0,"“There are definitely the physical dangers, the dangers for harassment, discrimination — but also ultimately, voter suppression,” he said. 
",Named Person,Lucas Cameron-Vaughn,"Attorney, ACLU of Tennessee",
25-ballot-access-trans,34.0,"Josie Caballero, director of voting and elections for the group that conducted the 2022 U.S. Transgender Survey, said it’s important to remember that barriers to voting existed for trans people before the latest slate of laws and rules targeting sex classification, particularly around voter ID rules.",Named Person,Josie Caballero,"director of voting and elections, National Center for Transgender Equality",
25-ballot-access-trans,35.0,"“It really shows the resiliency of the trans community to ensure that our voices are heard and we have visibility at the ballot box,” she said.
",Named Person,Josie Caballero,"director of voting and elections, National Center for Transgender Equality",
25-ballot-access-trans,36.0,"Krebs, who plans to vote in November, is worried about how the dynamics of a crowded polling site might impact her ability to vote. But she is determined to access the ballot, and to stay in Kansas despite the heightened scrutiny.
",Named Person,Hazel Krebs,,"a 42-year-old transgender woman living in Kansas, one of the states with a new anti-trans law"
25-ballot-access-trans,37.0,"“There’s nothing these laws will do to stop me from living my best life,” she said. “It just puts my energy and passion towards making this place better for me and other trans people.”
",Named Person,Hazel Krebs,,"a 42-year-old transgender woman living in Kansas, one of the states with a new anti-trans law"
26-biden-harris-11M,1.0,"“Being multilingual is a superpower—a powerful asset that can connect students to their identity and culture, and gives those who speak more than one language cognitive, social, and economic benefits,” said U.S. Secretary of Education Miguel Cardona, “The investments we’re announcing today advance our goal of providing every student in America with a pathway to multilingualism by supporting the recruitment, preparation, and retention of amazing bilingual and multilingual educators—some of the best teachers in our nation, period. They also support the revitalization of Native American languages, a reflection of this Administration’s commitment to Tribal sovereignty and consultation in education.”",Named Person,Miguel Cardona,U.S. Secretary of Education,"On Tuesday, the U.S. Department of Education (Department) announced over $11 million in grants to support the recruitment and retention of bilingual and multilingual educators and provide high quality programming to Native students in an effort to strengthen and revitalize Native American languages."
27-general-assembly-landlords,2.0,"“It just shortens the whole timeline in which a person can lose their home,” said Brian Rees, a staff attorney at The Works Inc. nonprofit who has represented hundreds of tenants in eviction proceedings in recent years. “Things (can now) happen very, very quickly.”
",Named Person,Brian Rees,"staff attorney, The Works Inc",who has represented hundreds of tenants in eviction proceedings in recent years. 
27-general-assembly-landlords,3.0,"If the governor signed it, Henderson said, it would have “devastating” consequences for renters.",Named Person,Deborah Henderson,Judge,"House Bill 2267, which cut tenants’ right to a continuance in half, hadn’t yet been signed by Gov. Bill Lee. "
27-general-assembly-landlords,5.0,"“Landlords have always had a very strong lobbying group,” she said. 
",Named Person,Deborah Henderson,Judge,
27-general-assembly-landlords,6.0,"In the statement, Swann said the bill will help landlords free up apartments more quickly for the thousands of Tennesseeans seeking a home. He also said it would help the apartment industry develop new apartments, but he didn’t make clear how it would. 
",Named Person,Art Swann,Sen. (R-Maryville),"Art Swann (R-Maryville), who sponsored the legislation in the Senate, provided MLK50 with a statement but did not respond to follow-up questions."
27-general-assembly-landlords,8.0,"While the difference of a week may not seem like much, Rees said it can really matter for these renters since the pathways to avoiding eviction can take time to figure out.
",Named Person,Brian Rees,"staff attorney, The Works Inc",who has represented hundreds of tenants in eviction proceedings in recent years. 
27-general-assembly-landlords,9.0,"“It’s disheartening to see them make a change that will affect families who are struggling,” Rees said.
",Named Person,Brian Rees,"staff attorney, The Works Inc","Additionally, programs designed to help low-income renters, such as legal aid or rental assistance, often take days or weeks to approve requests. And if renters aren’t able to get help, the apartment complexes they turn to for shelter may not be quick to process their applications."
27-general-assembly-landlords,10.0,"“(TAR) has the connection with a lot of legislators, especially on the commerce committee, where this was going to be,” Thompson said. “(And) they were just ironclad.”",Named Person,Dwayne Thompson,Rep. (D-Cordova) ,"This session, Thompson thought he had a shot at amending state law to let Memphis join its peer in Middle Tennessee — until he realized the Tennessee Association of Realtors was dead set against him, no matter what compromises he offered them. "
27-general-assembly-landlords,11.0,"During the subcommittee hearing, Shelby County Commissioner Erika Sugarmon and City of Memphis Division of Public Works director Robert Knecht endorsed it and two landlord representatives spoke against it.",Named Person,Erika Sugarmon,Shelby County Commissioner,
27-general-assembly-landlords,12.0,"During the subcommittee hearing, Shelby County Commissioner Erika Sugarmon and City of Memphis Division of Public Works director Robert Knecht endorsed it and two landlord representatives spoke against it.",Named Person,Robert Knecht,City of Memphis Division of Public Works director,
27-general-assembly-landlords,14.0,Thompson told the subcommittee that registration had worked well for Nashville but failed to convince them. ,Named Person,Dwayne Thompson,Rep. (D-Cordova) ,"This session, Thompson thought he had a shot at amending state law to let Memphis join its peer in Middle Tennessee — until he realized the Tennessee Association of Realtors was dead set against him, no matter what compromises he offered them. "
27-general-assembly-landlords,15.0,"Rep. Pat Marsh (R-Shelbyville) said he opposed the bill because he doubted bad landlords would comply with it, making it ineffective.",Named Person,Pat Marsh,Rep. (R-Shelbyville) ,
27-general-assembly-landlords,16.0,"“How are you going to find the (bad actors)? It looks to me like the good people will do it but the bad people aren’t going to change,” Marsh said during the subcommittee hearing.",Named Person,Pat Marsh,Rep. (R-Shelbyville) ,
27-general-assembly-landlords,17.0,"Given TAR’s opposition and the legislature itself having recently moved “much farther to the right,” in his experience, Thompson said a Shelby County rental registry is “probably not in the cards, for several years anyway.” Though he’s not running for reelection, he’s hopeful whoever succeeds him will be able to find other ways to help cities deal with slumlords.",Named Person,Dwayne Thompson,Rep. (D-Cordova) ,"This session, Thompson thought he had a shot at amending state law to let Memphis join its peer in Middle Tennessee — until he realized the Tennessee Association of Realtors was dead set against him, no matter what compromises he offered them. "
27-general-assembly-landlords,18.0,"While most landlords do this already, Thompson said he’s heard from tenants who tell him they have no way of contacting their landlord or property manager about maintenance issues.",Named Person,Dwayne Thompson,Rep. (D-Cordova) ,"Thompson was able to pass one bill this year he thinks will help tenants.  Assuming the bill is signed by Lee, it will require landlords to provide tenants with a phone number or online portal they can use to make maintenance requests."
27-general-assembly-landlords,19.0,"“I really am happy to see that pass,” Rees said. “I think it’s important that tenants do have good quality contact information for their property manager or owner.”",Named Person,Brian Rees,"staff attorney, The Works Inc","Still, Rees sees the legislation’s passage as a win. Because even if landlords aren’t responsive, it will provide tenants with proof they’re requesting maintenance through the proper channels — proof lawyers like Rees could theoretically use in their defense. "
28-scranton-ukrainian-weapons,2.0,"“We’re all about quality jobs, and that’s a quality organization,” Bob Durkin, the president and chief executive officer of the Scranton Chamber of Commerce said. “So the infusion of additional funding to support is important to us.”",Named Person,Bob Durkin,President and chief executive officer of the Scranton Chamber of Commerce,
28-scranton-ukrainian-weapons,3.0,"“It’s not $277 million that stays here. But, you know, it’s a good chunk of it,” Cartwright said. “And it’s important that we keep that work coming.”",Named Person,Matt Cartwright,Congressman,who sits on the House Appropriations Committee and represents Scranton and other parts of Northeastern Pennsylvania
28-scranton-ukrainian-weapons,4.0,"“I don’t really think that people dwell or concentrate on anything that’s going on outside of their sphere of influence,” Rich Hansen, the Commander’s Representative at the Scranton Army Ammunition Plant, said. we’re kind of busy concentrating on what’s going on in Scranton.”",Named Person,Rich Hansen,Commander’s Representative at the Scranton Army Ammunition Plant,"But at the Scranton Army Ammunition Plant, politics are hardly a concern:"
28-scranton-ukrainian-weapons,5.0,"“We had a job fair in the middle of a heat wave and there was still a line going out of the door,” Danielle Weinschenk, the lead Public Affairs Specialist at the Tobyhanna Army Depot said. “We had another one when it was pouring rain, and the same thing happened.”",Named Person,Danielle Weinschenk, Lead Public Affairs Specialist at the Tobyhanna Army Depot,"The Tobyhanna Army Depot, which specializes in logistics support and radar equipment for foreign allies such as Ukraine, estimates that the company has a $2.4 billion dollar impact on the area and that it is the largest industrial employer in the region."
28-scranton-ukrainian-weapons,6.0,"“With the Ukraine support, you know, one day I was sitting there thinking about what needs to be done, and it kind of hit me that what we were doing directly affects whether people live or die,” said Jim Jarick, a senior technology center engineer at the Tobyhanna Army Depot. “If we aren’t doing our job correctly, people could die tomorrow. And that just put this whole thing in perspective for me.”",Named Person,Jim Jarick,Senior technology center engineer at the Tobyhanna Army Depot,
28-scranton-ukrainian-weapons,7.0,"“If we aren’t doing our job correctly, people could die tomorrow. And that just put this whole thing in perspective for me.”",Named Person,Jim Jarick,Senior technology center engineer at the Tobyhanna Army Depot,"But for some who work here, these jobs aren’t just about money."
28-scranton-ukrainian-weapons,8.0,"Mark Cancian, a senior advisor at the Center for Strategic and International Studies, told Morning Edition that Ukraine receives around 90,000 artillery shells a month, but that’s still not enough to keep up with Russia’s firing power.",Named Person,Mark Cancian,Senior advisor at the Center for Strategic and International Studies,"But keeping up with the Ukraine’s needs isn’t easy: it’s estimated that Russia produces 250,000 artillery shells a month – three times more than the U.S. military’s goal."
28-scranton-ukrainian-weapons,9.0,"“At the height of last year’s counteroffensive, the Ukrainians were firing about 6,000 a day, ” Cancian said. “The Russians are [firing] probably about 10,000 a day.”",Named Person,Mark Cancian,Senior advisor at the Center for Strategic and International Studies,"But keeping up with the Ukraine’s needs isn’t easy: it’s estimated that Russia produces 250,000 artillery shells a month – three times more than the U.S. military’s goal."
28-scranton-ukrainian-weapons,10.0,"Col. Olksandr Popov, the commander of a Ukrainian artillery unit, estimates that they need about 30 to 40 shells to take out one Russian target, which is why these artillery shells are at the top of Ukraine’s list of needs.",Named Person,Olksandr Popov,Colonel,"the commander of a Ukrainian artillery unit, "
28-scranton-ukrainian-weapons,11.0,"“Our first task is to save our people,” Popov said. “Without artillery, we cannot do this.”",Named Person,Olksandr Popov,Colonel,"the commander of a Ukrainian artillery unit, "
3-SF renewed-sweeps,1.0,"Robinson’s last encampment was swept about a month ago, and “nearly everything” was taken, including his state ID card, he said.",Named Person,Antonio Robinson,,"On a grey Thursday morning last week, Antonio Robinson watched as a coterie of cops, workers from the city Department of Public Works, and a pair of outreach specialists descended on his tent. The 38-year-old had chosen to set up camp near Palou Ave. and Griffith St. in Hunters Point, on a dead-end road surrounded by industrial buildings. "
3-SF renewed-sweeps,3.0,Robinson said he was unable to find any of his property at the city’s mandated storage facility at 2323 Cesar Chavez St. ,Named Person,Antonio Robinson,,"On a grey Thursday morning last week, Antonio Robinson watched as a coterie of cops, workers from the city Department of Public Works, and a pair of outreach specialists descended on his tent. The 38-year-old had chosen to set up camp near Palou Ave. and Griffith St. in Hunters Point, on a dead-end road surrounded by industrial buildings. "
3-SF renewed-sweeps,4.0," But in June, the Supreme Court green-lit such penalties, prompting Gov. Gavin Newsom to order California city officials to “move urgently” to clear illegal encampments around the state.
",Named Person,Gavin Newsom,Gov.,
3-SF renewed-sweeps,5.0,"According to Mayor London Breed, the intention is to clean up sidewalks and force unhoused people into the city’s labyrinthine network of shelter and supportive housing programs.",Named Person,London Breed,Mayor,
3-SF renewed-sweeps,8.0,"He was neither detained nor cited for illegal lodging, and told Gazetteer he had spoken to a member of the “Encampment Resolution Team,” who offered temporary shelter. ",Named Person,Antonio Robinson,,"On a grey Thursday morning last week, Antonio Robinson watched as a coterie of cops, workers from the city Department of Public Works, and a pair of outreach specialists descended on his tent. The 38-year-old had chosen to set up camp near Palou Ave. and Griffith St. in Hunters Point, on a dead-end road surrounded by industrial buildings. "
3-SF renewed-sweeps,9.0,"“All they do is tell me to go back to the Hunters Point Navigation Center. And I don’t want to do that. I had bad experiences,” he said.",Named Person,Antonio Robinson,,"""I had bad experiences,”"
3-SF renewed-sweeps,10.0,"Joey O’Brien, 46, tried to explain to police officers that he was camping on the sidewalk in Hunters Point while investigating a homicide that occurred while he was in jail.",Named Person,Joey O’Brien,,camping on the sidewalk in Hunters Point while investigating a homicide that occurred while he was in jail
3-SF renewed-sweeps,12.0,"“I don’t understand,” O’Brien kept repeating.",Named Person,Joey O’Brien,,camping on the sidewalk in Hunters Point while investigating a homicide that occurred while he was in jail
3-SF renewed-sweeps,13.0,"More than anything, however, he begged for officers to bring over his two neat backpacks, which had his best clothes, documents, and “bits of silver.”",Named Person,Joey O’Brien,,"O’Brien was polite and contrite, admitting that he had broken several windows in the past while suffering a mental breakdown. "
3-SF renewed-sweeps,15.0,"as a recent batch of public records secured by City Hall watchdog Hazel Williams shows, Public Works has bagged medications, wheelchairs, and even a mobility walker from unhoused people, taking them to the city’s storage facility on Cesar Chavez St.",Named Person,Hazel Williams,,City Hall watchdog
3-SF renewed-sweeps,16.0,"Many unhoused people, including Robinson, say it can be challenging to identify and retrieve their belongings at the facility.",Named Person,Antonio Robinson,,"When they succeed, they often find important pieces missing from their stash — a problem that has persisted over years of sweeps. 
"
3-SF renewed-sweeps,17.0,"In a response to Gazetteer's questions about potential breaches in protocol, Public Works spokesperson Rachel Gordon only noted that ""the policy clearly spells out how soiled items can be handled and our crews follow the policy and consistently apply its terms."" Gordon said claims for lost property can be filed with the City Attorney's office.",Named Person,Rachel Gordon,Public Works spokesperson,"In a response to Gazetteer's questions about potential breaches in protocol, "
3-SF renewed-sweeps,18.0,"Instead, the city swooped down on the encampments at Sixth and Jessie streets earlier than scheduled, said Julian Highsmith, communications and policy director for the Coalition on Homelessness.",Named Person,Julian Highsmith,"communications and policy director, Coalition on Homelessness",
3-SF renewed-sweeps,19.0,"“Typically, with city sweeps, they give 72 hours of notice with location and time, and we were following that, but they didn’t follow that usual rule,” Highsmith said.",Named Person,Julian Highsmith,"communications and policy director, Coalition on Homelessness",
3-SF renewed-sweeps,21.0,Highsmith told Gazetteer he believes the city may have gotten wind of the group’s planned sweep disruption and undercut it in order to prevent unhoused people from organizing with their advocates during an enforcement.,Named Person,Julian Highsmith,"communications and policy director, Coalition on Homelessness",
3-SF renewed-sweeps,22.0,"“I personally think it’s a little suspicious to do the sweep earlier. It doesn’t seem like the city wants attention on the encampment sweeps, and I don’t think they want people to see what happens during that process,” he said.",Named Person,Julian Highsmith,"communications and policy director, Coalition on Homelessness",
3-SF renewed-sweeps,23.0,"When asked where he would move next, he shrugged and noted in his characteristic whisper that he was staying in the neighborhood.",Named Person,Antonio Robinson,,It was a similar story for Robinson in Hunters Point.
3-SF renewed-sweeps,24.0,"“It’s quiet here,” he said.",Named Person,Antonio Robinson,,It was a similar story for Robinson in Hunters Point.
30-la-lower-rent-hikes,12.0,"Daniel Yukelson with the Apartment Association of Greater Los Angeles pointed to recent data from the National Apartment Association, a trade group for property owners, concluding that California landlords earn 7 cents of profit on average for every dollar of rent.",Named Person,Daniel Yukelson ,,with the Apartment Association of Greater Los Angeles.
30-la-lower-rent-hikes,13.0,"“What [the report] is trying to do is make a PR effort to lay the groundwork to chip away at what little ability landlords have in L.A. to be able to raise rents and be able to keep up with their costs,” Yukelson said.",Named Person,Daniel Yukelson ,,with the Apartment Association of Greater Los Angeles.
30-la-lower-rent-hikes,14.0,"He said the report takes a macroeconomic view of the city’s rental market, but fails to capture the unique struggles facing many small landlords.",Named Person,Daniel Yukelson ,,with the Apartment Association of Greater Los Angeles.
30-la-lower-rent-hikes,15.0,"“There are plenty of owners out there who have had their renters in place for many years,” Yukelson said. “They're way below market. And they're having trouble today keeping up with the growing costs of insurance, maintenance and supplies.”",Named Person,Daniel Yukelson ,,with the Apartment Association of Greater Los Angeles.
30-la-lower-rent-hikes,17.0,"“Small landlords are able to maintain their profits and draw income above their expenses — they haven't been overly burdened by rent stabilization,” said Christina Boyar, a legal fellow with Public Counsel and a member of the Keep L.A. Housed coalition.",Named Person,Christina Boyar,"legal fellow, Public Counsel",and a member of the Keep L.A. Housed coalition.
30-la-lower-rent-hikes,19.0,"“The report shows that rent costs exceeding what tenants can pay is a primary cause of homelessness,” Boyar said. “We are obviously in a homelessness crisis in L.A., and if this formula isn't updated soon, more folks will just fall into homelessness.”",Named Person,Christina Boyar,"legal fellow, Public Counsel",and a member of the Keep L.A. Housed coalition.
30-la-lower-rent-hikes,21.0,"Daniel Flaming, president of the Economic Roundtable and a co-author of the report, said he didn’t have a good answer for why the report was kept under wraps.",Named Person,Daniel Flaming,"president, the Economic Roundtable",co-author of the report
30-la-lower-rent-hikes,22.0,"“I think when it's a politically contentious issue, there are attempts to manage the conversation,” Flaming said. “The substance of the report is final. It was submitted as a final report and accepted by the city as a final work product.”",Named Person,Daniel Flaming,"president, the Economic Roundtable",co-author of the report
30-la-lower-rent-hikes,23.0,"Sharon Sandow, a spokesperson for the L.A. Housing Department, told LAist last week the document was still a “draft report,” and they didn't have a specific date lined up for its release.",Named Person,Sharon Sandow,"spokesperson, L.A. Housing Department",
30-la-lower-rent-hikes,24.0,"“There are several rounds of revisions left to go before this report is considered final,” Sandow said in an email. “Economic Roundtable is under contract to complete this report through January 2025 — though clearly we hope to have it finalized before then.”",Named Person,Sharon Sandow,"spokesperson, L.A. Housing Department",
30-la-lower-rent-hikes,25.0,"By the end of last week, Sandow sent LAist a version of the report she described as ""final.""",Named Person,Sharon Sandow,"spokesperson, L.A. Housing Department",
30-la-lower-rent-hikes,31.0,"“The cost of electricity is just going to continue going up,” Yukelson with the Apartment Association said. If the city stops landlords who provide electricity from raising rents an additional 1% per year, he said, “The next tenant is going to have to pay that burden, because the rents are going to have to go up.”",Named Person,Daniel Yukelson ,,with the Apartment Association of Greater Los Angeles.
30-la-lower-rent-hikes,32.0,"On balance, Flaming said the report shows that L.A.’s policies diverge significantly from how other California cities handle rent control. He said the utility surcharge in particular seems “arbitrary.”",Named Person,Daniel Flaming,"president, the Economic Roundtable",co-author of the report
30-la-lower-rent-hikes,33.0,"“The Los Angeles ceiling and floor are atypically high for rent-controlled cities,” he said. “Among cities that have elected to control rents — and not all cities have — Los Angeles appears to be tilted toward landlords.”",Named Person,Daniel Flaming,"president, the Economic Roundtable",co-author of the report
30-la-lower-rent-hikes,36.0,"Soto-Martinez, one of the council members who requested the report be commissioned — has already called for capping increases at 3%.",Named Person,Soto-Martinez,City Council Member,
30-la-lower-rent-hikes,37.0,"In an email reacting to the Economic Roundtable report, Soto-Martínez told LAist, “As we await the finalized version of this report, it’s heartening to see so much data supporting the policy changes that renters have been demanding — especially when it comes to preventing excessive rent increases that can devastate working families.”",Named Person,Soto-Martinez,City Council Member,In an email reacting to the Economic Roundtable report
31-SV-GT-vermont_bill,1.0,"A senior at North Country Union High School in Newport, Wilburn, 17, recalls being in line for the bathroom when the girl in front turned around and reached for her hair. Despite telling her not to touch it, Wilburn said the girl ‚Äúgrabbed‚Äù her hair.",Named Person,Aaliyah Wilburn,leader with the Vermont Student Anti-Racism Network,Aaliyah Wilburn moved to Vermont two years ago and has faced more hair discrimination here than ever before.
31-SV-GT-vermont_bill,2.0,"‚ÄúShe then told me that I felt like a sheep and she imitated the noises of one,‚Äù said Wilburn, a leader with the Vermont Student Anti-Racism Network.",Named Person,Aaliyah Wilburn,leader with the Vermont Student Anti-Racism Network,Aaliyah Wilburn moved to Vermont two years ago and has faced more hair discrimination here than ever before.
31-SV-GT-vermont_bill,3.0,"Once, when she was wearing a head covering because she was in the midst of braiding her hair, Wilburn said a student pulled it off and ran away in the school hall. When she wore a headwrap another time, students said she looked like Marge Simpson and that she looked too African for their comfort. “Later in the day, someone took it off me,” she said.",Named Person,Aaliyah Wilburn,leader with the Vermont Student Anti-Racism Network,Aaliyah Wilburn moved to Vermont two years ago and has faced more hair discrimination here than ever before.
31-SV-GT-vermont_bill,5.0,"‚ÄúI wouldn‚Äôt be scared of going out with a bonnet or a head wrap if this bill was in place at the time of these incidents,‚Äù",Named Person,Aaliyah Wilburn,leader with the Vermont Student Anti-Racism Network,Aaliyah Wilburn moved to Vermont two years ago and has faced more hair discrimination here than ever before.
31-SV-GT-vermont_bill,6.0,"Addie Lentzner, executive director of the student anti-racism network, said she has seen hair discrimination in schools ‚Äî not just in policies and norms but also in the form of microaggressions and racial bias.¬†",Named Person,Addie Lentzner,executive director of the student anti-racism network,
31-SV-GT-vermont_bill,7.0,"‚ÄúI think it‚Äôs a huge problem in our schools and this bill would help address it,‚Äù Lentzner said.
",Named Person,Addie Lentzner,executive director of the student anti-racism network,
31-SV-GT-vermont_bill,8.0,"Modeled after language promoted as the¬†CROWN Act¬†and already enacted in 23 other states, including New York and Maine, the bill aims to prevent ‚Äúan erasure and minimization of the experiences of marginalized people,‚Äù particularly Black and brown people, Rep. Saudia LaMont, D-Morristown, said during a preliminary vote on the bill Tuesday.",Named Person,Saudia LaMont, Rep. D-Morristown,said during a preliminary vote on the bill
31-SV-GT-vermont_bill,9.0,"She cited a 2023 study that found 66% of Black girls in predominantly white schools and 44% of Black girls in all schools report experiencing hair discrimination, and that the experiences typically happen before they are 10.",Named Person,Saudia LaMont, Rep. D-Morristown,
31-SV-GT-vermont_bill,10.0,"For her daughter, it first occurred in pre-school. While picking up her daughter one afternoon she said she was dismayed to find her wearing a stop sign on her chest that read, ‚ÄúPlease ask to touch my hair.‚Äù",Named Person,Saudia LaMont, Rep. D-Morristown,
31-SV-GT-vermont_bill,11.0,"A teacher explained that her daughter was reacting to several instances of students touching and petting her hair without her consent, LaMont continued. “So it was in fact my 4-year-old’s idea to make a sign as a signal to her peers to stop violating her body and personal space,” she said.",Named Person,Saudia LaMont, Rep. D-Morristown,daughter was reacting to several instances of students touching and petting her hair without her consent
31-SV-GT-vermont_bill,12.0,"In another incident, her daughter‚Äôs dance teacher asked to have her recently installed braids taken out so the child‚Äôs hair could be put up in a bun to look like the majority of the other white kids in the class.",Named Person,Saudia LaMont, Rep. D-Morristown,
31-SV-GT-vermont_bill,13.0,"LaMont outlined to her House colleagues on Tuesday the ways in which caring for Black hair is a process. It can take a day to wash, dry and detangle and protective styling, such as box braids or twists, can involve 8 to 22 hours of work.",Named Person,Saudia LaMont, Rep. D-Morristown,
31-SV-GT-vermont_bill,14.0,"The bill is important, she said then, because ‚Äúhair type, textures, styles, protective hairstyles‚Äù are ‚Äúa symbol of one‚Äôs identity and ability to show up authentically,‚Äù which includes ‚Äúthe freedom to take pride in one‚Äôs appearance in ways people choose that feels in alignment with the traits that are associated with their race (and) improves confidence, self esteem, dignity and respect.‚Äù",Named Person,Saudia LaMont, Rep. D-Morristown,
31-SV-GT-vermont_bill,15.0,"Black women’s hair is more likely to be perceived as unprofessional, she said, citing surveys. Many of them feel they must wear their hair straight in a job interview and report being sent home or denied a job because of their hair. The same kind of assumptions are used to prevent students with certain hairstyles from engaging in sports and other activities, she added.",Named Person,Saudia LaMont, Rep. D-Morristown,citing surveys
31-SV-GT-vermont_bill,16.0,"‚ÄúHair and head coverings do not determine behavior, capacity or competency and people should not be penalized, discriminated against or treated as such,‚Äù she said.",Named Person,Saudia LaMont, Rep. D-Morristown,
31-SV-GT-vermont_bill,17.0,"Hair discrimination is degrading, disrespectful and invades people‚Äôs privacy in deep ways, said one of the bill‚Äôs primary sponsors, Rep. Kevin ‚ÄúCoach‚Äù Christie, D-Hartford. He pointed to incidents of it nationwide that have challenged athletes, students and teachers.¬†",Named Person,Kevin ‚ÄúCoach‚Äù Christie,Rep. D-Hartford,one of the bill‚Äôs primary sponsors
31-SV-GT-vermont_bill,18.0,"‚ÄúIt seems like a small bill but in actuality, it‚Äôs another big block in the foundation of equity in the state,‚Äù Christie said, adding that it pains him when families choose to leave Vermont after facing racial bullying, hazing and harassment.",Named Person,Kevin ‚ÄúCoach‚Äù Christie,Rep. D-Hartford,one of the bill‚Äôs primary sponsors
31-SV-GT-vermont_bill,19.0,"Representing Vermont‚Äôs most diverse community, Rep. Daisy Berbeco, D-Winooski, also a sponsor, told VTDigger the bill is an important step in advancing equity and ‚Äúa step in the right direction towards people feeling safe and welcome in our state, no matter where they are in Vermont.‚Äù",Named Person,Daisy Berbeco,Rep. D-Winooski,"represents Vermont's most diverse community, another bill sponsor "
31-SV-GT-vermont_bill,20.0,"Rep. Mike Mrowicki, D-Putney, another bill sponsor, said he has heard from constituents who have faced discrimination due to their hair.",Named Person,Mike Mrowicki,Rep. D-Putney,another bill sponsor 
31-SV-GT-vermont_bill,21.0,"With the population and demographic of Vermont fast changing, this bill is a common sense effort to make sure that residents are not ostracized or mistreated because of who they are, he said.",Named Person,Mike Mrowicki,Rep. D-Putney,another bill sponsor 
31-SV-GT-vermont_bill,22.0,"‚ÄúThe reality that people of color are often ostracized or mistreated because of their hair. It can be as seemingly innocent as people wanting to touch it ‚Äî which is really an invasion of people‚Äôs space,‚Äù he said.",Named Person,Mike Mrowicki,Rep. D-Putney,another bill sponsor 
32-openai_board,9.0,"“After a series of reasonably amicable negotiations, the co-founders of Anthropic were able to negotiate their exit on mutually agreeable terms,” an Anthropic spokeswoman, Sally Aldous, said.",Named Person,Sally Aldous,Anthropic spokeswoman,
32-openai_board,17.0,"At 5:15 a.m. on Monday, he posted on X, formerly Twitter, that “I deeply regret my participation in the board’s actions.”
",Named Person,Ilya Sutskever,,
33-human-border_patrol_towers,10.0,"“That’s where we’ve seen a huge number of these towers go up,” said Dave Maass, the nonprofit’s director of investigations. The foundation has built an interactive map tracking border surveillance from San Diego to Brownsville, Texas. A few dozen more recently discovered towers in Texas will be added to the map over the next couple of weeks, he said. ",Named Person,Dave Maass,"director of investigations, Electronic Frontier Foundation","San Francisco-based Electronic Frontier Foundation, a nonprofit that advocates for digital privacy, has been tracking the rapid expansion of installations of Anduril and other towers in the remote regions of eastern San Diego and Imperial counties."
33-human-border_patrol_towers,15.0,"“These towers aren’t checking people’s papers,” Maass said. “People have lived on the border longer than the United States has been a country. Just being somebody who lives on the border, whose family are on both sides of the border, doesn’t make you a criminal and shouldn’t put you under suspicion.”",Named Person,Dave Maass,"director of investigations, Electronic Frontier Foundation","San Francisco-based Electronic Frontier Foundation, a nonprofit that advocates for digital privacy, has been tracking the rapid expansion of installations of Anduril and other towers in the remote regions of eastern San Diego and Imperial counties."
33-human-border_patrol_towers,17.0,"“The towers deployed in California have 360-degree, AI-fueled visual and auditory surveillance capabilities,” said Erika Pinheiro, executive director of Al Otro Lado, a nonprofit that provides legal and humanitarian support to refugees, deportees, and other migrants in the U.S. and Tijuana. ",Named Person,Erika Pinheiro,executive director of Al Otro Lado,"a nonprofit that provides legal and humanitarian support to refugees, deportees, and other migrants in the U.S. and Tijuana."
33-human-border_patrol_towers,18.0,"“If they wanted to, the government could track the movements of any individual living on the California border,” Pinheiro said. ",Named Person,Erika Pinheiro,executive director of Al Otro Lado,"a nonprofit that provides legal and humanitarian support to refugees, deportees, and other migrants in the U.S. and Tijuana."
33-human-border_patrol_towers,22.0,"“There’s just such a lack of accountability with those billions of dollars,” said Pinheiro. ",Named Person,Erika Pinheiro,executive director of Al Otro Lado,"The Department of Homeland Security has a budget of $103.2 billion, with an extra $4.7 billion in a Southwest border contingency fund, for fiscal 2024. "
33-human-border_patrol_towers,24.0,"“We saw this too under the Trump administration,” Pinheiro said. “When additional funding was allocated for humanitarian support, diapers and formula and things to help the families crossing the border, we saw that Border Patrol spent that money on ATV’s and other surveillance toys that they deployed on the border.",Named Person,Erika Pinheiro,executive director of Al Otro Lado,"a nonprofit that provides legal and humanitarian support to refugees, deportees, and other migrants in the U.S. and Tijuana."
33-human-border_patrol_towers,25.0," “Where is this money going, if we have babies sitting out in the desert for up to a week at a time without any food or water?” she asked. ",Named Person,Erika Pinheiro,executive director of Al Otro Lado,"a nonprofit that provides legal and humanitarian support to refugees, deportees, and other migrants in the U.S. and Tijuana."
33-human-border_patrol_towers,26.0,"Gov. Gavin Newsom has said California cannot continue providing the same level of humanitarian services for the coming fiscal year that it has in the past along the border, not while it is facing a $38 billion budget shortfall. ",Named Person,Gavin Newsom,Gov.,
34-human-ca_guanranteed_income,1.0,"“With all the struggling I was doing, my attitude took a hit,” Kahlia said. “The more you witness yourself being down and out, the more you feel down and out, and the more stuck you feel.”",Named Person,Kipp Kahlia,Guitarist,"Her health deteriorated and visits to doctors drained her savings. Recently she decided to start a business performing social justice songs at events. But with no extra funds or time, she had to pause the venture. "
34-human-ca_guanranteed_income,2.0,"The pilot program will allow researchers to track its impact in a large, diverse region, said Sean Kline, director of the Stanford Basic Income Lab, which studies guaranteed income programs across the country. ",Named Person,Sean Kline,"Director, Stanford Basic Income Lab",director of the Stanford Basic Income Lab. Which studies guaranteed income programs across the country. 
34-human-ca_guanranteed_income,3.0,"“Whenever L.A. city or county or Chicago or New York do something bold like this, it’s a really important signal that this big policy idea found its footing during COVID and represents a possible way forward in terms of supporting low income people across America,” Kline said.  ",Named Person,Sean Kline,"Director, Stanford Basic Income Lab",director of the Stanford Basic Income Lab. Which studies guaranteed income programs across the country. 
34-human-ca_guanranteed_income,4.0,"One question the Breathe program raises, Kline said, is what does it mean to have extra money for months versus several years?  “If you knew the money was coming for three years, it’s a much longer runway. Can you go back to school? Can you quit your job now and look for a new one? Can you care for your aging parents?” ",Named Person,Sean Kline,"Director, Stanford Basic Income Lab",director of the Stanford Basic Income Lab. Which studies guaranteed income programs across the country. 
34-human-ca_guanranteed_income,5.0,"Every six months, program participants and members in the control group receive the same survey questions about their wellbeing, financially and mentally,  said Amy Castro, director of Penn’s Center for Guaranteed Income Research.",Named Person,Amy Castro ,"Director, Penn's Center for Guaranteed Income Research","Researchers at the University of Pennsylvania are surveying the 1,000 Breathe participants, along with a control group of people not receiving funds."
34-human-ca_guanranteed_income,10.0,"“There is so much we don’t know yet,” Castro said. “We don’t know how long people need to receive cash to create what level of change.” ",Named Person,Amy Castro ,"Director, Penn's Center for Guaranteed Income Research",
34-human-ca_guanranteed_income,11.0,"More than halfway through the Breathe program, Kahlia said she and her business remain a work in progress, but the funds have given her an ability to move forward in a way she hadn’t before. ",Named Person,Kipp Kahlia,Guitarist,"Kahlia was selected as one of 1,000 participants in L.A. County’s guaranteed income program, called Breathe. "
34-human-ca_guanranteed_income,12.0,"“It’s taking me from always putting out fires to being able to actually make some moves to advance, not just being stuck,” Kahlia said. ",Named Person,Kipp Kahlia,Guitarist,"Kahlia was selected as one of 1,000 participants in L.A. County’s guaranteed income program, called Breathe. "
34-human-ca_guanranteed_income,13.0,"“I didn’t expect to be accepted,” to the Breathe program, Kahlia said. “When I was, I was really, really pleasantly surprised. It definitely took the edge off.” ",Named Person,Kipp Kahlia,Guitarist,"The money came at the perfect time. Because of the pandemic, Kahlia had stopped teaching guitar lessons in person at parks and recreation centers and transitioned to virtual teaching. But one by one, her clients dropped off. "
34-human-ca_guanranteed_income,14.0,"Kahlia said she doesn’t keep track of how she spends the Breathe money. A lot of it has gone to health expenses, and some has gone to her business. But she also spends it on day-to-day things like groceries, or a taco night out with friends, she said. ",Named Person,Kipp Kahlia,Guitarist,"Kahlia was selected as one of 1,000 participants in L.A. County’s guaranteed income program, called Breathe. "
34-human-ca_guanranteed_income,15.0,"Kahlia thought if she was going to meet clients for her business, showing up in an old, dinged up car wouldn’t do a lot for her image. ",Named Person,Kipp Kahlia,Guitarist,Her biggest expense has been a new car she leased after her 28-year-old Toyota Corolla started breaking down.
34-human-ca_guanranteed_income,16.0,"“I’m probably getting more comfortable with spending money,” she said. “Just learning to say yes to stuff. There’s some stuff that, at the beginning of the program I felt was, you know, almost extravagant. And now I’m like ‘Oh my god, I really needed that for my business to move forward.’”",Named Person,Kipp Kahlia,Guitarist,"Under other circumstances, Kahlia would have thought twice before spending that money.  "
34-human-ca_guanranteed_income,19.0,"There’s also anecdotal evidence that participants are spending some on things that may help them build wealth, like starting a business or saving for a down payment on a home, said Brian Arredondo, a coach for program participants. ",Named Person,Brian Arredondo,Coach,a coach for program participants.
34-human-ca_guanranteed_income,20.0,"He said participants come to him with a huge variety of needs, from questions about investing and money management to how to find a good mechanic. ",Named Person,Brian Arredondo,Coach,Arredondo regularly checks in with about 300 participants. 
34-human-ca_guanranteed_income,21.0,"“People need help with normal, everyday interactions that may be easy for some individuals,” he said. “But for others, they don’t have any prior experience with them.”",Named Person,Brian Arredondo,Coach,"When Kahlia wanted to lease a new car, she went to Arredondo, who helped her research the used car market. He has helped other participants look for new cars and accompanied them to dealerships.  "
34-human-ca_guanranteed_income,24.0,"It’s those hard-to-measure impacts that are key, said Ely Fournier, who oversees the program coaches at Strength Based Community Change.  ",Named Person,Ely Fournier,"Director, Strength Based Community Change",who oversees the program coaches at Strength Based Community Change.  
34-human-ca_guanranteed_income,25.0,"“It can’t just be the money,” Fournier said. “It’s the opportunity and the access to experiences sometimes that really make a big difference when there is even a little bit more resources folks can have. ”",Named Person,Ely Fournier,"Director, Strength Based Community Change",who oversees the program coaches at Strength Based Community Change.  
34-human-ca_guanranteed_income,26.0,"The program funds have given her time, she said. ",Named Person,Kipp Kahlia,Guitarist,"But she’s made some progress. Normally she’d be stuck in a cycle of teaching guitar lessons to make money, but wouldn’t have time for her business. "
34-human-ca_guanranteed_income,27.0,"“I haven’t gotten to the sexy part yet,” Kahlia said. “I had to get stronger and healthier, clear space, and lay a foundation first. Pulling yourself out of a hole often doesn’t look dramatic. For me it’s been the ability to do some fairly tedious stuff over an extended period of time, over and over again.” ",Named Person,Kipp Kahlia,Guitarist,Now Kahlia is taking a step back from teaching and spending time writing new arrangements of music to perform for clients. She’s working on updating her website and making calls to potential clients. 
35-Trump-Tariffs-Rattling-Meta,2.0,"Susan Li, Meta’s chief financial officer, said in an earnings call this year that online commerce ads were the “largest contributor to year-over-year growth” to the company’s advertising revenue.",Named Person,Susan Li,Meta’s chief financial officer,
35-Trump-Tariffs-Rattling-Meta,5.0,"In an investor call last year, Ms. Li defended the company’s exposure to any fluctuation in spending by Temu and Shein.",Named Person,Susan Li,Meta’s chief financial officer,
35-Trump-Tariffs-Rattling-Meta,6.0,"She said two-thirds of Meta’s Chinese ad revenue came from advertisers “outside the top 10 spenders in that country in 2023.” Her point being: Even if Temu and Shein pulled back, many other Chinese advertisers were still buying Facebook and Instagram ads.",Named Person,Susan Li,Meta’s chief financial officer,
35-Trump-Tariffs-Rattling-Meta,7.0,"“Because their Chinese ad revenue is so evenly distributed, it’s actually worse for them now,” said Eric Seufert, an independent mobile advertising analyst who follows Meta. “They don’t just have to worry about Temu or Shein dropping off. They have to worry about everyone.”
",Named Person,Eric Seufert,an independent mobile advertising analyst,
36-Whats-Wrong-With-Apple,4.0,"“Apple needs to understand what happened because this is bigger than just rearranging the deck chairs,” said Michael Gartenberg, a technology analyst who previously worked as a product marketer at Apple. “If ever there’s been an example of over-promising and under-delivering, it’s Apple Intelligence.”",Named Person,Michael Gartenberg,Technology Analyst,who previously worked as a product marketer at Apple
36-Whats-Wrong-With-Apple,10.0,"After this article was published, Trudy Muller, an Apple spokeswoman, said the company had fulfilled Mr. Giannandrea’s budget request for GPUs over time rather than all at once. She said Mr. Maestri had never asked the team to make its chips more efficient.",Named Person,Trudy Muller,Apple spokeswoman,
36-Whats-Wrong-With-Apple,14.0,"“It’s clearly a breakdown of leadership and communication and internal processes,” said Benedict Evans, an independent analyst who previously worked as a venture capitalist at Andreessen Horowitz.
",Named Person,Benedict Evans,independent analyst,who previously worked as a venture capitalist at Andreessen Horowitz.
37-DogWalker,1.0,"""I'm mad about having to go round and round,"" said Melanie Roberts, Ruth Dalton's granddaughter. ""We are no better off than in September, the first time they got him to appear in court. I think the system is broken. I think he’s competent. I think he’s always been competent.""",Named Person,Melanie Roberts,,Ruth Dalton's granddaughter
37-DogWalker,2.0,Judge Averil Rothrock said that any order to forcibly give him mediation as part of treatment would have to be resolved at a later hearing.,Named Person,Averil Rothrock,King County Superior Court Judge,"At a hearing on Thursday, there was a brief discussion about whether Haynes would be ordered to take his medication while in custody."
37-DogWalker,3.0,"""If he chooses not to medicate himself, he is making a choice not to be competent and not to be compliant,” Roberts said. “Somebody in this court system needs to put their foot down and make him take his meds.""",Named Person,Melanie Roberts,,Ruth Dalton's granddaughter
37-DogWalker,9.0,"""He goes to Western, they medicate him, and he’s competent. He goes to jail, he refuses meds, and he’s not competent. I’m tired of the merry-go-round,"" said Roberts. ""The state is broken. They are all about comforting a criminal and to hell with the victim.”",Named Person,Melanie Roberts,,Ruth Dalton's granddaughter
38-UC-enrollment,2.0,"“University of California cannot afford to continue increasing enrollment with less funding, it just can’t,” said UC’s top academic officer, Katherine Newman, at an Assembly budget subcommittee hearing. “If the state cuts the university by 8%, we will be forced to decrease enrollment for the fall of 2026 admission cycle.” ",Named Person,Katherine Newman ,UC’s top academic officer,
38-UC-enrollment,3.0,"“So blowing up class sizes, reducing advising, limiting opportunities for our students: This is not a recipe for the continued success at the University of California, and we would not want to go in that direction,” Newman said. ",Named Person,Katherine Newman ,UC’s top academic officer,
38-UC-enrollment,7.0,"The chair of the Assembly’s budget subcommittee on education finance, David Alvarez, a Democrat from Chula Vista, asked UC senior officials how much the state could cut and still leave student academics largely unaffected, including graduation rates and other endeavors that “ensure that student access remains the same.”",Named Person,David Alvarez,The chair of the Assembly’s budget subcommittee on education finance & a Democrat from Chula Vista,
38-UC-enrollment,8.0,"For UC San Diego Chancellor Pradeep Khosla, the answer was about $30 million, much less than the roughly $73 million in state cuts the campus would absorb under the current plan.",Named Person,Pradeep Khosla,UC San Diego Chancellor,
38-UC-enrollment,9.0,"Systemwide, the UC’s 10 campuses could tolerate an ongoing cut of $125 million, said Seija Virtanen, a UC government relations official.",Named Person,Seija Virtanen, UC government relations official,
39-84pct-coral-reefs,3.0,"“We may never see the heat stress that causes bleaching dropping below the threshold that triggers a global event,” said Mark Eakin, corresponding secretary for the International Coral Reef Society and retired chief of the Coral Reef Watch program of the U.S. National Oceanic and Atmospheric Administration. “We’re looking at something that’s completely changing the face of our planet and the ability of our oceans to sustain lives and livelihoods,” Eakin said.",Named Person,Mark Eakin,corresponding secretary for the International Coral Reef Society and retired chief of the Coral Reef Watch program of the U.S. National Oceanic and Atmospheric Administration,
39-84pct-coral-reefs,5.0,"“The best way to protect coral reefs is to address the root cause of climate change. And that means reducing the human emissions that are mostly from burning of fossil fuels … everything else is looking more like a Band-Aid rather than a solution,” Eakin said.",Named Person,Mark Eakin,corresponding secretary for the International Coral Reef Society and retired chief of the Coral Reef Watch program of the U.S. National Oceanic and Atmospheric Administration,
39-84pct-coral-reefs,6.0,"“I think people really need to recognize what they’re doing … inaction is the kiss of death for coral reefs,” said Melanie McField, co-chair of the Caribbean Steering Committee for the Global Coral Reef Monitoring Network, a network of scientists that monitors reefs throughout the world.

",Named Person,Melanie McField,co-chair of the Caribbean Steering Committee for the Global Coral Reef Monitoring Network,"a network of scientists that monitors reefs throughout the world.
"
39-84pct-coral-reefs,7.0,"“We’ve got a government right now that is working very hard to destroy all of these ecosystems ... removing these protections is going to have devastating consequences,” Eakin said.",Named Person,Mark Eakin,corresponding secretary for the International Coral Reef Society and retired chief of the Coral Reef Watch program of the U.S. National Oceanic and Atmospheric Administration,
4-SFO-Labor-Day,1.0,"More than 930,000 travelers will funnel through SFO from Thursday through Tuesday, according to SFO spokesperson Doug Yakel.",Named Person,Doug Yakel,SFO spokesperson,
4-SFO-Labor-Day,2.0,"It’s also close to the number of travelers SFO saw in 2019, just months before the pandemic. This year’s prediction is 97% of what the airport handled five years ago, Yakel said by email.",Named Person,Doug Yakel,SFO spokesperson,
4-SFO-Labor-Day,3.0,"To make it on time, holiday travelers should arrive at the airport two hours before domestic flights and three hours before international ones, Yakel said.",Named Person,Doug Yakel,SFO spokesperson,
4-SFO-Labor-Day,6.0,"Yakel said SFO has not been advised of staffing woes for Thursday, which was expected to be the busiest day of travel at the airport.",Named Person,Doug Yakel,SFO spokesperson,
4-SFO-Labor-Day,7.0,"“I have TSA Pre, so that should make it a little easier,” said Bay Area resident Katelin Tharp, who on Thursday was booted from an overbooked flight to Boston, where she’s beginning her fifth year at Northeastern University. She was ready to try again later. “So, I’ll be hanging out for a little bit.”
",Named Person,Katelin Tharp,,who on Thursday was booted from an overbooked flight to Boston
4-SFO-Labor-Day,8.0,"“We’re sad since we just said goodbye to our one friend, and we don’t know if we’re ever going to see her again,” Ellie Mitchell, of the United Kingdom, told The Standard.
",Named Person,Ellie Mitchell,,"They had zigzagged across the country by plane — highlights included stops in Florida, Nashville, and Lake Tahoe — after working together at a New York summer camp. "
4-SFO-Labor-Day,9.0,"Parking at airport garages will be in short supply this weekend, so travelers who want to leave cars at SFO should reserve spaces online as soon as possible, Yakel said.",Named Person,Doug Yakel,SFO spokesperson,
40-SeattleProtest,2.0,"""We think it is shameful that they would be punished in an emergency suspension without due process,"" said James Lopez, who identified himself as an organizer of the rally. “I think it is sad that we are focusing on millions of dollars in damage to one building here and not the billions of dollars of damage and the hundreds of thousands of lives lost in Gaza.",Named Person,James Lopez,Organizer of the rally,
40-SeattleProtest,6.0,"The University will not be intimidated by this sort of horrific and destructive behavior and will not engage in dialogue with any group using or condoning such destructive tactics,"" Cauce said in a statement. ""We are working with law enforcement and through our disciplinary processes to ensure those responsible face appropriate consequences for their actions. And we will continue to stand strong against violent and illegal activities that create a hostile environment for any members of our community",Named Person,Ana Marie Cauce,University President,"University President Ana Marie Cauce quickly condemned the protest,"
40-SeattleProtest,8.0,"""The UW is an open, public campus that must uphold the freedom of speech and expression enshrined in the U.S. Constitution,"" UW spokesperson Victor Balta said in an email.",Named Person,Victor Balta,UW Spokesperson,
40-SeattleProtest,9.0,"“We hope that by being here Jewish students feel safe, confident, and comfortable to be Jewish,"" Rabbi Mendel Weingarten said.",Named Person,Mendal Weingarten,"Rabbi, Chabad UW","During Thursday's rally on campus, Chabad UW set up a tent in Red Square."
41-Christians-K12,2.0,"“I shared it ultimately with the president of the [Fresno Christian] board,” J. Mason, Jeremiah’s father, told yourcentralvalley.com, a local news outlet. “He told me, ‘Hey, yeah, we’re going to do something about this.’ But I waited for 11 days and didn’t receive any information. I didn’t hear anything.”",Named Person,J. Mason ,,Jeremiah’s father
41-Christians-K12,3.0,“I think it’s literally anti-Christian” J. Mason told the local NBC affiliate last week. “You’re setting the team back” because people see how Christians treat a Black student — “your own people at your own school.”,Named Person,J. Mason ,,Jeremiah’s father
41-Christians-K12,8.0,"J. Mason said he asked to be reimbursed for the tuition he paid, given that Jeremiah did not feel safe or welcome on campus.",Named Person,J. Mason ,,Jeremiah’s father
41-Christians-K12,9.0,"Jeremiah has since graduated and J. Mason said he just wants the school to be safe for incoming Black Christian students. But if it won’t take what happened to Jeremiah seriously, it’s a sign the school refuses “to listen to the Holy Spirit,” he said.",Named Person,J. Mason ,,Jeremiah’s father
42-Uber-Lyft-CA,3.0,"“Voters approved Prop 22 and the courts upheld the law, yet special interest groups are repeatedly trying to undermine our rights as drivers,” said Al Porche, a San Diego rideshare driver quoted in a Protect App-Based Drivers & Services (PADS) Coalition press release shared with California Black Media (CBM) after the Senate committee approved the bill.
",Named Person,Al Porche,,a San Diego rideshare driver quoted in a Protect App-Based Drivers & Services (PADS) Coalition press release shared with California Black Media (CBM) after the Senate committee approved the bill.
42-Uber-Lyft-CA,4.0," “This bill is bad for drivers, bad for consumers and will threaten the personal information and privacy of millions of rideshare drivers like me,” Porche said. “The legislature should reject this policy.”
",Named Person,Al Porche,,a San Diego rideshare driver quoted in a Protect App-Based Drivers & Services (PADS) Coalition press release shared with California Black Media (CBM) after the Senate committee approved the bill.
42-Uber-Lyft-CA,5.0,"“AB 1340 will directly impact millions of app-based drivers and California consumers,” said Julian Canete, President & CEO of the California Hispanic Chambers of Commerce. “The result will be higher prices and fewer rideshare availability, which is bad for drivers, bad for consumers and bad for businesses.” ",Named Person,Julian Canete,President & CEO of the California Hispanic Chambers of Commerce,
42-Uber-Lyft-CA,10.0,"AB 1340 author, Assemblymember Buffy Wicks (D-Oakland) stated: “Millions of Californians depend on gig rideshare drivers to keep them moving, yet gig rideshare drivers have no seat at the table when decisions about their livelihoods are made. All workers deserve a fair shot in shaping their future with a voice on the job and the ability to bargain for better working conditions.”",Named Person,Buffy Wicks ,Assemblymember (D-Oakland),AB 1340 author
42-Uber-Lyft-CA,11.0,"John Mejia, a gig rideshare driver from the Bay Area believes working for gig companies has been full of broken promises – including the assurances Uber and Lyft made to voters when they claimed they would increase wages and benefits for drivers.",Named Person,John Mejia,,a gig rideshare driver from the Bay Area
42-Uber-Lyft-CA,12.0,"“The reality is that the costs of gas and insurance have soared, while drivers are seeing a shrinking share of fares,” said Mejia, testifying before the Senate Labor, Public Employment and Retirement Committee during a June 18 hearing at the State Capitol in Sacramento.",Named Person,John Mejia,,"testifying before the Senate Labor, Public Employment and Retirement Committee during a June 18 hearing at the State Capitol in Sacramento."
42-Uber-Lyft-CA,13.0,"“The ‘flexibility’ of gig work is a trap if you just have to work more and more hours to make up for shrinking wages,” Mejia told members of the committee. “The only way for drivers to address these challenges and earn a fair share of rideshare companies’ record-breaking profits is through a union.”
",Named Person,John Mejia,,a gig rideshare driver from the Bay Area
43-Chicago-immigration,1.0,"Jennifer Peyton, a former assistant chief immigration judge in Chicago, said she has watched more than 100 judicial colleagues be abruptly terminated, transferred or resign this year.",Named Person,Jennifer Peyton,former assistant chief immigration judge,Peyton and Carla Espinoza are among a group of dozens of judges who have been terminated without explanation since President Donald Trump took office in January.
43-Chicago-immigration,2.0,Both women spoke out Monday about what they called a lack of transparency and due process — adding they’re concerned about a staggering 3.5 million backlog in immigration cases.,Named Person,Jennifer Peyton and Carla Espinoza,judges ,Peyton and Carla Espinoza are among a group of dozens of judges who have been terminated without explanation since President Donald Trump took office in January.
43-Chicago-immigration,3.0,"“Since January 2025, immigration courts… are no longer honoring or offering due process like it did when I was appointed in September 2016. The court system has been systematically and intentionally destroyed, defunded and politicized by this administration,” Peyton said at a Chicago press conference alongside Sen. Dick Durbin. “I don’t know why this has happened, but I fear for our country and for justice.”",Named Person,Jennifer Peyton,former assistant chief immigration judge,Both women spoke out Monday about what they called a lack of transparency and due process — adding they’re concerned about a staggering 3.5 million backlog in immigration cases.
43-Chicago-immigration,4.0,Peyton is still unsure why she was terminated. She said she wakes up at night wondering why.,Named Person,Jennifer Peyton,former assistant chief immigration judge,Peyton and Carla Espinoza are among a group of dozens of judges who have been terminated without explanation since President Donald Trump took office in January.
43-Chicago-immigration,6.0,Durbin called it an “abuse of power by the administration to punish a non-political judge simply for doing her job.”,Named Person,Dick Durbin ,Sen.,"Peyton was fired on July 3 via email, about two weeks after Durbin met with her at a Chicago immigration court. "
43-Chicago-immigration,7.0,"Durbin questioned why Trump is terminating judges at a time when there are millions of cases, including those awaiting final judgment — cases the president said he wanted to see resolved expeditiously on the campaign trail.",Named Person,Dick Durbin ,Sen.,"Peyton was fired on July 3 via email, about two weeks after Durbin met with her at a Chicago immigration court. "
43-Chicago-immigration,8.0,"“What is going on in one of the busiest courts in the nation? They’re terminating career immigration judges, not political appointments,” Durbin said. ""...It raises a serious question on whether or not this court system is going to be guided by due process or politics.”",Named Person,Dick Durbin ,Sen.,"Peyton was fired on July 3 via email, about two weeks after Durbin met with her at a Chicago immigration court. "
43-Chicago-immigration,9.0,She said she has seen many judges who provided pro bono services for nonprofits be terminated. ,Named Person,Jennifer Peyton,former assistant chief immigration judge,Peyton worked on a pro-bono steering committee and led a law school working group that helped promote pro bono assistance within immigration courts. 
43-Chicago-immigration,10.0,"Espinoza, who was sworn in as a judge in 2023, said at least 20 other judges who stood alongside her during that ceremony have been terminated. ",Named Person,Carla Espinoza,immigration judge,"Espinoza was fired on July 11 by email while sitting on the bench, with no reason given."
43-Chicago-immigration,12.0,"“While there is no state of reason for our terminations, we have seen that women and minorities have been disproportionately affected. For example, those judges who were sworn alongside me, we have seen a pattern that all of those with a Hispanic last name, such as myself, have been terminated. All of those with a Middle Eastern last name have been terminated... All of those who are LGBT have been terminated,” Espinoza said. “We also see the pattern that all of those who provided pro bono services for not-for-profits have been terminated. This clearly raises serious concerns about transparency, fairness and due process in our courts.”",Named Person,Carla Espinoza,immigration judge,"Espinoza was fired on July 11 by email while sitting on the bench, with no reason given."
43-Chicago-immigration,13.0,She said she has seen judges who handled “high-profile cases” be fired.,Named Person,Carla Espinoza,immigration judge,Espinoza in June ruled that a Mexican immigrant who was falsely accused of threatening to assassinate Trump could be released from a Wisconsin prison on bond. 
43-Chicago-immigration,14.0,"“I am waiting for a response,” Espinoza said.",Named Person,Carla Espinoza,immigration judge,"Espinoza has asked for a reason for her termination and specifically whether her gender, sex or heritage played a role."
5-Humboldt-SF-homeless-bus,9.0,"Paul Boden, a homeless advocate with the Western Regional Advocacy Project, said the strategy of busing unhoused people out of town dates back to the 1960s, when welfare agencies offered bus tickets to previously institutionalized people in exchange for a signed pledge not to return for a year — a process that was known as “Greyhound therapy.”",Named Person,Paul Boden,"homeless advocate, Western Regional Advocacy Project",
5-Humboldt-SF-homeless-bus,10.0,"“The aim isn’t to achieve a goal. It’s to get you out of our town, and it’s cheaper than arresting you,”",Named Person,Paul Boden,"homeless advocate, Western Regional Advocacy Project",
5-Humboldt-SF-homeless-bus,11.0,“The No. 1 answer to homelessness is to make them disappear. Then mayors write letters back and forth: ‘Stop sending your people here.’ Then it turns out they’re sending their people here. It shows the ridiculousness of us not trying to address why people are on the streets.”,Named Person,Paul Boden,"homeless advocate, Western Regional Advocacy Project",
5-Humboldt-SF-homeless-bus,12.0,"“Our TAP program works really well, and hopefully San Francisco can go back to more — not just dumping — but assisting and actually helping people get help,” Humboldt Supervisor Rex Bohn said at Tuesday’s board meeting. 
",Named Person,Rex Bohn,Humboldt Supervisor,said at Tuesday’s board meeting. 
6-OUSD-basic-job,3.0,"“This mistake has caused families stress, anxiety and panic, further limiting our community’s trust in this district,” said Max Simmons, one of OUSD’s student directors.",Named Person,Max Simmons,OUSD Student Director,
6-OUSD-basic-job,4.0,"“How can our schools be a safe place and support students in our district if we can’t even keep our water clean? When I hear that something as major as lead contamination reports getting lost in the system or not being communicated to the appropriate school or staff, it is absolutely horrifying and heartbreaking.”",Named Person,Max Simmons,OUSD’s student directors,
6-OUSD-basic-job,6.0,"As soon as OUSD staff learned about the test results in August, they closed access to the impacted water sources, Johnson-Trammell said. ",Named Person,Kyla Johnson-Trammell,Superintendent,
6-OUSD-basic-job,7.0,"“I sincerely apologize for the stress and concern this has caused our school sites, students and families. We understand the gravity of this situation and we are fully committed to taking immediate, transparent and corrective action,” she said.",Named Person,Kyla Johnson-Trammell,Superintendent,
6-OUSD-basic-job,10.0,"“There is so much trust rebuilding that has to be done for our community. We have failed. And when I say ‘we’ I mean OUSD has failed at its most basic job of not poisoning our students,” said Stuart Loebl, a sixth-grade science teacher at Frick.",Named Person,Stuart Loebl,"Sixth-grade science teacher, Frick United Academy of Language",
6-OUSD-basic-job,11.0,"“To start, we need an independent audit. It is not enough for Oakland Unified School District to do an internal investigation because we need to know what has happened.”
",Named Person,Stuart Loebl,"Sixth-grade science teacher, Frick United Academy of Language",
6-OUSD-basic-job,15.0,"“Why didn’t you do your job? You knew months ago that the water was contaminated. You didn’t act, and you let those kids come back to school and drink poisoned water,” said Marina Muñoz, a parent at Madison Park Academy and an organizer with Communities for a Better Environment. ""Now who is going to cover our medical bills? I demand you test all the kids in the district. I want to find out which kids are sick with lead poisoning!”",Named Person,Marina Muñoz,"Marina Muñoz, organizer, Communities for a Better Environment. ",parent at Madison Park Academy and an organizer with Communities for a Better Environment. 
6-OUSD-basic-job,20.0,"More of the FloWater stations are being delivered to schools this week, and schools will be prioritized based on the percentage of fountains that are out of service and the number of students that attend the school, Thomas said. ",Named Person,Preston Thomas,chief systems and services officer ,
6-OUSD-basic-job,21.0,"In 2017, when OUSD was considering its clean drinking water policy, the cost to upgrade all the pipes would have been $38 million, Thomas said. Today, that number could be $50 or $60 million. OUSD’s deferred maintenance budget, which is supposed to be for facilities repairs, has $3 million in it.
",Named Person,Preston Thomas,chief systems and services officer ,
6-OUSD-basic-job,22.0,"Director Valarie Bachelor, the chair of OUSD’s facilities committee, said lead abatement will continue to be a topic at every facilities meeting until the issue is resolved. ",Named Person," Valarie Bachelor,",Director,chair of OUSD’s facilities committee
6-OUSD-basic-job,23.0,"“This is not new to Oakland, but it is something that we need to tackle as an entire city, and we need to have community partners, philanthropic partners, as well as our county and state folks to support us in dealing with this issue,” she said",Named Person," Valarie Bachelor,",Director,chair of OUSD’s facilities committee
6-OUSD-basic-job,24.0,"As we talk about budget adjustments and what we need to be funding … I will be pushing to make sure that we have a robust deferred maintenance budget so that we don’t have these issues, and so that we can tackle these issues as they happen, versus when tragedies like this occur.”",Named Person," Valarie Bachelor,",Director,chair of OUSD’s facilities committee
7-District7-Candidate-Sues,1.0,"According to a post by Love on Instagram earlier this hour, the judge did not rule in Love’s favor. As a result, Love said that she would not be running for the District 7 seat.  ",Named Person,Tonya Love,current chief of staff for Councilmember Carroll Fife,"prospective District 7 councilmember
"
7-District7-Candidate-Sues,2.0,"“While we are disappointed by the court’s decision not to place us on the ballot in November, I remain undeterred in my commitment to serving Oakland and our communities,” she wrote. “My dedication to our city does not begin nor end with a campaign. There are many ways to effect change and ensure our voices are heard. I will continue to work alongside each of you, advocating for public health, safety, and equitable development in Oakland.”
",Named Person,Tonya Love,current chief of staff for Councilmember Carroll Fife,"prospective District 7 councilmember
"
7-District7-Candidate-Sues,10.0,"After hearing both sides this morning in county court, Alameda County Superior Court Judge Michael Markman said he would issue his ruling by 3 p.m. today. 

",Named Person,Michael Markman ,Alameda County Superior Court Judge,
7-District7-Candidate-Sues,11.0,"Judge Markman said that it appeared that the county registrar, Tim Dupuis, didn’t do “anything wrong” in this instance.

",Named Person,Michael Markman ,Alameda County Superior Court Judge,
7-District7-Candidate-Sues,12.0,"My understanding is that there are other candidates for this particular district city council who would’ve liked the opportunity to have more time to gather and submit signatures, and the process needs to be uniform, In its implementation, it looks like the ROV attempted to do that here.",Named Person,Michael Markman ,Alameda County Superior Court Judge,
7-District7-Candidate-Sues,13.0,"The judge also noted that he was wary of approving the request lest it turn the courts into “a clearing house for attempting to verify signatures.”

",Named Person,Michael Markman ,Alameda County Superior Court Judge,
7-District7-Candidate-Sues,14.0,"“There are only three in this one,” he said, “but I can imagine scenarios where it could be 23 in future cases.”

",Named Person,Michael Markman ,Alameda County Superior Court Judge,
7-District7-Candidate-Sues,19.0,Love told her followers her team had written a petition to validate her application to run for the district seat. She thanked the Oakland City Clerk and the city attorney for helping her through the process. ,Named Person,Tonya Love,current chief of staff for Councilmember Carroll Fife,prospective District 7 councilmember
7-District7-Candidate-Sues,20.0,"We are moving forward because our campaign is committed to fighting for equity and social justice for our community in District 7, We believe that every resident deserves to be represented and have access to the resources and opportunities to thrive.",Named Person,Tonya Love,current chief of staff for Councilmember Carroll Fife,prospective District 7 councilmember
8-primary-recount-complete,2.0,"This recount reaffirmed what we already knew from the June 18th primary. It really is amazing what we can achieve when we work as a team. It is an honor to be the VA 05 Republican nominee. I want to thank God and extend my sincere thanks to my family, to everyone who helped out on this campaign, to the people who endorsed and supported me, and to Donald J. Trump. Folks in the 5th District can rest assured that should they elect me in November, they will have an effective fighter in Congress who will get the job done. I look forward to working with Trump to defeat Kamala Harris and to helping elect Hung Cao in November. Now is the time to set our differences aside and unite as a party. Together we will Make America Great Again!",Named Person,John McGuire,"State Senator, (R-Goochland)",declared his victory in a recent statement
8-primary-recount-complete,3.0,"We have secure and fair elections in Virginia, and Virginians can have confidence in the final results of this race,",Named Person,Glenn Youngkin,Governor,
8-primary-recount-complete,4.0,"I want to thank Congressman Good for his years of service to the people of Virginia’s 5th District, and once again congratulate John McGuire on his victory...John will make an excellent Congressman!",Named Person,Glenn Youngkin,Governor,
8-primary-recount-complete,5.0,"I want to thank the more than 31,000 voters of the 5th District who voted for me in the June 18 primary, and the thousands who volunteered, contributed, prayed, and supported my re-election campaign. While I am disappointed in the ultimate outcome, it has been my distinct honor to serve as the congressional representative for Virginia’s 5th District over the past 3.5 years.",Named Person,Bob Good ,"Representative, (R-Farmville)",Chair for the House Freedom Caucus
9-steph-curry-gold,1.0,"“Everything happens for a reason and the journey gives you all type of different experiences along the way,” the 36-year-old Curry said Wednesday before hosting a charity golf tournament benefiting the couple’s Eat.Learn.Play. Foundation devoted to Oakland schools. ",Named Person,Stephen Curry,,said Wednesday before hosting a charity golf tournament benefiting the couple’s Eat.Learn.Play. Foundation devoted to Oakland schools. 
9-steph-curry-gold,2.0,"“But this summer’s been amazing, just coming off a tough NBA year to experience what we did and get a win in the Olympics and some of the things I look forward to every year especially around our foundation and the work that we’re doing here in Oakland. ... It puts everything into perspective of what basketball has done for me and the doors that it’s opened and trying to take full advantage of it.”
",Named Person,Stephen Curry,,said Wednesday before hosting a charity golf tournament benefiting the couple’s Eat.Learn.Play. Foundation devoted to Oakland schools. 
9-steph-curry-gold,3.0,"A kids’ size golf club in hand, Curry lined up to hit his shot on an upward slope toward the green while reminding elementary-school students LeAni Wade and Terrell Covington about the importance of keeping their eyes on the plastic neon yellow ball to make solid contact.",Named Person,Stephen Curry,,
9-steph-curry-gold,4.0,"And, the superstar instructed, no reason to be concerned about taking a chunk out of the grass in the process.",Named Person,Stephen Curry,,
9-steph-curry-gold,5.0,"“It’s the same way I appreciate all the things I get to do on and off the court where it’s all connected,” Curry said. “Me having fun going and winning a gold medal raised the platform to then be able to talk about stuff that matters even more. Being able to share those experiences with my family, the (foundation) team, they know especially while they were working tirelessly every day to make sure a day like today is executed and make sure our plan is locked in, I’m representing everybody out there on the court doing what I do.”
",Named Person,Stephen Curry,,
9-steph-curry-gold,6.0,"Five years into their foundation work, the Currys announced Thursday a commitment to raise and invest $25 million over the next five years devoted to literacy programs that will provide one-on-one tutoring for children who are at least two grade levels behind in reading.",Named Person,Stephen Curry,,"
"
9-steph-curry-gold,6.0,"Five years into their foundation work, the Currys announced Thursday a commitment to raise and invest $25 million over the next five years devoted to literacy programs that will provide one-on-one tutoring for children who are at least two grade levels behind in reading.",Named Person,Ayesha Curry,,"
"
9-steph-curry-gold,7.0,"“What’s interesting is it’s never been a one and done and we’ve always slow rolled things out because we love to build a model that kind of proves itself and can stand on its own,” Ayesha Curry said, acknowledging she observes her own children’s learning styles and how much she wants to support those without the same resources.
",Named Person,Ayesha Curry,,acknowledging she observes her own children’s learning styles and how much she wants to support those without the same resources.
9-steph-curry-gold,8.0,"Wade, an 8-year-old in third grade, said she would remember this day golfing with Curry “for 15 years,” and that her favorite part of the visit was “everything.”

",Named Person,LeAni Wade ,,elementary-school student
9-steph-curry-gold,9.0,"“Working on it,” Curry said with a smile regarding the trademark before heading off to his golf cart.
",Named Person,Stephen Curry,,"He is in the process of trademarking the use of “nuit, nuit” for entertainment purposes — the French words for his signature “night, night” catchphrase that goes along with him putting two hands together along his cheek in an act of saying goodnight when a victory is sealed.
"
